date,new_diagnoses,cum_diagnoses_article,cum_diagnoses,new_recoveries,cum_recoveries,new_deaths,cum_deaths,cum_tests,new_tests,adults,cum_children,new_children,cur_children,n_critical,ventilation,hospitalised,1vac,2vac,positive_percent,yandex_index,asympt_percent
2020-03-12,0,0,0,0,0,0,0,,,0,0,,,,,,,,,0.6,
2020-03-13,0,0,0,0,0,0,0,,,0,0,0,,0,,,,,,0.6,
2020-03-14,0,0,0,0,0,0,0,,,0,0,0,,0,,,,,,2.0,
2020-03-15,0,0,0,0,0,0,0,,,0,0,0,,0,,,,,,2.7,4.0
2020-03-16,0,0,0,0,0,0,0,,,0,0,0,,0,,,,,,0.7,
2020-03-17,0,0,0,0,0,0,0,,,0,0,0,,0,,,,,,0.7,
2020-03-18,1,1,1,0,0,0,0,,,0,0,0,,0,,,,,,1.0,
2020-03-19,1,2,2,0,0,0,0,,,0,4,4,,42,,,,,,1.1,
2020-03-20,2,4,4,0,0,0,0,,,0,0,-4,,,,,,,,1.1,
2020-03-21,0,4,4,0,0,0,0,,,0,6,6,,73,,,,,,2.5,
2020-03-22,0,4,4,0,0,0,0,,,0,5,-1,,49,,,,,,3.1,
2020-03-23,0,4,4,0,0,0,0,,,5,0,-5,,,,,,,,1.2,
2020-03-24,0,4,4,0,0,0,0,,,0,6,6,,52,,,,,,1.2,43.0
2020-03-25,0,4,4,0,0,0,0,,,0,7,1,,55,,,,,,1.1,46.0
2020-03-26,1,5,5,0,0,0,0,,,0,7,0,,57,,,,,,1.2,
2020-03-27,0,5,5,0,0,0,0,,,0,11,4,,66,,,,,,1.2,40.0
2020-03-28,2,7,7,0,1,0,0,,,0,11,0,,58,,,,,,2.8,
2020-03-29,1,8,8,0,1,0,0,,,0,0,-11,,,,,,,,3.4,41.0
2020-03-30,1,9,9,0,1,0,0,,,0,16,16,,69,,,,,,2.4,
2020-03-31,0,9,9,0,1,0,0,,,0,18,2,,68,,,,,,2.5,
2020-04-01,1,10,10,0,2,0,0,,,0,17,-1,,61,,,,,,3.3,
2020-04-02,0,10,10,0,2,0,0,,,0,16,-1,,56,,,,,,3.3,
2020-04-03,0,10,10,0,2,0,0,,,0,19,3,,62,,,,,,3.2,
2020-04-04,0,10,10,0,2,0,0,,,20,0,-19,,,,,,,,3.6,37.0
2020-04-05,1,11,11,0,2,0,0,,,0,0,0,,,,,,,,3.8,
2020-04-06,0,11,11,0,2,0,0,,,0,22,22,,60,,,,,,2.5,
2020-04-07,0,11,11,0,2,0,0,,,0,15,-7,,55,,,,,,2.4,
2020-04-08,2,13,13,0,7,0,0,,,0,15,0,,57,,,,,,2.5,
2020-04-09,5,18,18,0,7,0,0,,,0,12,-3,,54,,,,,,2.5,
2020-04-10,3,21,21,0,8,0,0,,,13,0,-12,,,,,,,,2.4,
2020-04-11,7,28,28,0,10,0,0,,,0,17,17,,76,,,,,,3.1,
2020-04-12,0,28,28,0,10,0,0,,,23,0,-17,,,,,,,,3.4,
2020-04-13,8,36,36,0,10,0,0,,,0,23,23,,125,,,,,,2.2,
2020-04-14,0,36,36,0,10,0,0,,,0,21,-2,,139,,,,,,2.1,
2020-04-15,17,53,53,0,12,0,0,,,0,19,-2,,133,,,,,,2.1,
2020-04-16,11,64,64,0,14,1,1,,,0,19,0,,126,,,,,,2.1,
2020-04-17,12,76,76,0,16,1,2,,,4,24,5,,137,,,,,,2.0,
2020-04-18,10,86,86,0,16,0,2,,,1,28,4,,168,,,,,,2.9,
2020-04-19,22,108,108,0,16,1,3,,,0,32,4,,197,,,,,,3.2,43.0
2020-04-20,24,132,132,0,16,0,3,,,2,40,8,,212,,,,,,2.0,45.2
2020-04-21,3,135,135,0,16,1,4,,,0,43,3,,274,,,,,,1.9,45.5
2020-04-22,16,151,151,0,21,0,4,,,0,45,2,,304,,,,,,1.9,43.4
2020-04-23,17,168,168,0,23,0,4,,,49,0,-45,,,,,,,,1.8,47.8
2020-04-24,41,209,209,0,24,0,4,19388,,8,0,0,,0,,,,,,1.8,46.1
2020-04-25,38,247,247,0,39,0,4,22314,2926,413,12,12,55,0,0,468,,,,2.8,48.9
2020-04-26,58,305,305,0,39,0,4,23261,947,481,13,1,65,26,3,546,,,,3.1,45.9
2020-04-27,42,347,347,0,39,0,4,24819,1558,522,17,4,75,34,6,597,,,,1.7,43.4
2020-04-28,60,407,407,0,53,0,4,27053,2234,544,23,6,86,34,8,630,,,,1.9,40.7
2020-04-29,29,436,436,0,63,0,4,29672,2619,574,23,0,78,32,8,652,,,,1.8,44.9
2020-04-30,35,471,471,0,78,0,4,33087,3415,636,25,2,84,17,9,720,,,,1.5,39.9
2020-05-01,55,526,526,0,80,1,5,36423,3336,723,25,0,72,32,7,795,,,,2.9,44.5
2020-05-02,43,569,569,0,105,2,7,38017,1594,646,25,0,88,37,7,734,,,,2.9,46.6
2020-05-03,51,620,620,0,109,0,7,39461,1444,671,26,1,97,37,9,768,,,,2.8,50.3
2020-05-04,61,681,681,0,150,2,9,41406,1945,711,28,2,91,36,12,802,,,,3.0,50.6
2020-05-05,65,746,746,0,179,0,9,43787,2381,723,35,7,72,34,16,795,,,,2.9,49.1
2020-05-06,63,809,809,0,184,2,11,46507,2720,889,39,4,82,44,44,971,,,,1.9,40.9
2020-05-07,67,876,876,0,240,1,12,48810,2303,1118,42,3,74,53,25,1192,,,,1.8,48.7
2020-05-08,73,949,949,0,262,0,12,51568,2758,1211,46,4,72,54,20,1283,,,,1.5,48.9
2020-05-09,76,1025,1025,44,306,2,14,55160,3592,1197,55,9,71,48,20,1268,,,,2.6,40.7
2020-05-10,75,1100,1100,1,307,1,15,56952,1792,1224,60,5,71,51,20,1295,,,,2.7,42.4
2020-05-11,71,1171,1171,7,314,0,15,58274,1322,1422,72,12,88,55,16,1510,,,,2.5,46.5
2020-05-12,55,1226,1226,14,338,1,16,60243,1969,1431,77,5,72,55,17,1503,,,,1.4,43.1
2020-05-13,74,1300,1300,66,404,0,16,62933,2690,1472,80,3,76,51,20,1548,,,,1.4,44.5
2020-05-14,76,1376,1376,51,455,0,16,65842,2909,1469,84,4,81,61,13,1550,,,,1.3,40.6
2020-05-15,71,1447,1447,72,527,2,18,69170,3328,1501,91,7,74,61,19,1575,,,,1.3,42.5
2020-05-16,64,1511,1511,83,610,2,20,71892,2722,1334,96,5,64,61,14,1398,,,,2.5,44.8
2020-05-17,70,1581,1581,28,638,0,20,73722,1830,1421,100,4,67,56,19,1488,,,,2.6,42.4
2020-05-18,71,1652,1652,0,638,0,20,75132,1410,1457,105,5,69,65,21,1526,,,,1.3,40.1
2020-05-19,76,1728,1728,54,692,2,22,78026,2894,1464,115,10,64,62,22,1528,,,,1.3,43.1
2020-05-20,77,1805,1805,48,730,0,23,81554,3528,1464,117,2,58,64,18,1522,,,,1.3,45.9
2020-05-21,76,1881,1881,43,773,1,25,85268,3714,1469,122,5,54,71,18,1523,,,0.0,1.5,42.0
2020-05-22,79,1960,1960,53,826,2,25,89262,3994,1466,128,6,50,67,16,1516,,,0.0,1.3,42.2
2020-05-23,83,2043,2043,56,882,2,27,92113,2851,1500,131,3,77,61,15,1577,,,,2.2,42.0
2020-05-24,81,2124,2124,9,891,2,29,93543,1430,1513,134,3,60,69,22,1573,,,,2.7,43.9
2020-05-25,89,2213,2213,0,891,0,29,95385,1842,1534,137,3,65,66,9,1599,,,0.0,1.4,43.7
2020-05-26,87,2300,2300,0,891,1,30,98551,3166,1574,138,1,65,59,19,1639,,,0.0,1.2,41.1
2020-05-27,97,2397,2397,11,902,1,31,101543,2992,1562,144,6,66,64,21,1628,,,0.0,1.3,40.8
2020-05-28,96,2493,2493,53,955,0,31,104264,2721,1562,153,9,65,70,24,1627,,,8.0,1.2,42.5
2020-05-29,103,2596,2596,62,1017,0,31,107491,3227,1560,157,4,65,62,18,1625,,,8.0,1.2,39.4
2020-05-30,109,2705,2705,72,1089,1,32,110528,3037,1604,167,10,61,66,22,1665,,,,2.3,41.9
2020-05-31,104,2809,2809,30,1119,0,32,111873,1345,1492,169,2,62,64,19,1554,,,,3.0,40.8
2020-06-01,105,2914,2914,10,1129,1,33,114483,2610,1577,176,7,66,67,20,1643,,,10.0,1.1,40.1
2020-06-02,106,3020,3020,85,1204,1,34,118027,3544,1482,181,5,60,67,24,1542,,,15.0,1.1,41.9
2020-06-03,102,3122,3122,27,1262,0,34,122124,4097,1476,191,10,67,72,24,1543,,,10.0,1.2,38.5
2020-06-04,104,3226,3226,44,1306,2,36,125010,2886,1520,191,0,69,75,15,1589,,,10.0,1.1,38.2
2020-06-05,108,3334,3334,0,1306,2,38,128318,3308,1532,208,17,62,42,10,1594,,,14.0,1.3,37.1
2020-06-06,107,3441,3441,13,1369,2,40,132319,4001,1506,216,8,64,37,12,1570,,,0.0,2.3,36.9
2020-06-07,105,3546,3546,17,1386,1,41,133246,927,1571,230,14,71,39,11,1642,,,25.0,2.6,38.5
2020-06-08,102,3648,3648,69,1455,1,42,135609,2363,1652,250,20,76,37,9,1728,,,16.0,1.1,36.6
2020-06-09,104,3752,3752,97,1552,2,44,138803,3194,1642,251,1,74,41,11,1716,,,14.0,1.0,38.1
2020-06-10,106,3858,3858,167,1719,2,46,142045,3242,1647,258,7,71,46,14,1718,,,17.0,1.1,34.8
2020-06-11,102,3960,3960,188,1907,2,48,145699,3654,1654,265,7,58,46,11,1712,,,16.0,0.9,36.8
2020-06-12,109,4069,4069,143,2050,2,50,149028,3329,1741,278,13,74,49,11,1815,,,18.0,1.9,35.8
2020-06-13,108,4177,4177,98,2148,3,53,151215,2187,1723,285,7,64,48,13,1787,,,18.0,2.2,34.1
2020-06-14,108,4285,4285,45,2193,2,55,153701,2486,1723,293,8,303,55,65,2026,,,20.0,2.6,36.2
2020-06-15,109,4394,4394,83,2276,2,57,154895,1194,1785,293,0,60,47,10,1845,,,22.0,1.0,34.3
2020-06-16,103,4497,4497,111,2387,3,60,157817,2922,1765,308,15,58,57,9,1823,,,17.0,1.0,35.8
2020-06-17,107,4604,4604,115,2502,2,62,160987,3170,1777,309,1,60,49,17,1837,,,20.0,0.9,31.8
2020-06-18,107,4711,4711,128,2630,1,63,164479,3492,2030,314,5,63,59,19,2093,,,12.0,1.0,31.5
2020-06-19,108,4819,4819,85,2715,2,65,168736,4257,2079,327,13,65,58,19,2144,,,15.0,1.1,32.7
2020-06-20,109,4928,4928,0,2715,3,68,172200,3464,2079,327,0,65,62,19,2144,,,4.0,2.2,32.7
2020-06-21,105,5033,5033,54,2769,2,70,173340,1140,2097,335,8,65,77,19,2162,,,14.0,2.5,30.2
2020-06-22,109,5142,5142,21,2790,2,72,174522,1182,2204,335,0,73,69,19,2277,,,22.0,1.0,32.5
2020-06-23,106,5248,5248,103,2893,4,76,178815,4293,2246,339,4,71,81,25,2317,,,28.0,0.8,32.7
2020-06-24,108,5356,5356,141,3034,2,78,181259,2444,2255,341,2,54,83,29,2309,,,25.0,1.9,31.7
2020-06-25,102,5458,5458,24,3058,4,82,184548,3289,2254,343,2,57,86,31,2311,,,26.0,0.9,32.0
2020-06-26,108,5566,5566,158,3216,1,83,190134,5586,2216,348,5,56,90,25,2272,,,23.0,0.9,28.5
2020-06-27,105,5671,5671,86,3302,4,87,194128,3994,2193,353,5,49,87,31,2242,,,22.0,1.8,30.0
2020-06-28,98,5769,5769,66,3368,4,91,196740,2612,2274,357,4,55,80,27,2329,,,19.0,2.6,32.4
2020-06-29,107,5876,5876,24,3392,2,93,198486,1746,2335,361,4,55,78,22,2390,,,22.0,0.9,31.6
2020-06-30,109,5985,5985,104,3496,3,96,204095,5609,2287,362,1,53,88,22,2340,,,25.0,0.7,30.2
2020-07-01,100,6085,6085,122,3618,3,99,208076,3981,2293,368,6,59,69,19,2352,,,25.0,1.7,31.9
2020-07-02,92,6177,6177,96,3714,2,101,210157,2081,2371,370,2,60,85,14,2431,,,24.0,0.9,32.1
2020-07-03,105,6282,6282,138,3852,4,105,215026,4869,2389,373,3,57,80,21,2446,,,27.0,0.8,32.5
2020-07-04,111,6393,6393,172,4024,4,109,218871,3845,2307,380,7,54,85,22,2361,,,28.0,1.8,29.6
2020-07-05,112,6505,6505,47,4071,3,112,222574,3703,2316,380,0,54,83,27,2370,,,31.0,2.3,29.8
2020-07-06,106,6611,6611,74,4145,4,116,224135,1561,2388,384,4,55,88,23,2443,,,39.0,0.9,28.8
2020-07-07,113,6724,6724,155,4300,4,120,229236,5101,2481,397,13,51,89,15,2532,,,25.0,0.8,29.9
2020-07-08,107,6831,6831,207,4507,4,124,233272,4036,2570,401,4,50,89,23,2620,,,23.0,0.8,27.6
2020-07-09,101,6932,6932,170,4677,4,128,236798,3526,2256,410,9,48,86,23,2304,,,24.0,0.9,27.3
2020-07-10,111,7043,7043,191,4868,5,133,241242,4444,2220,412,2,45,85,23,2265,,,24.0,1.0,25.2
2020-07-11,110,7153,7153,215,5083,4,137,245923,4681,2128,419,7,47,95,24,2175,,,17.0,1.9,26.7
2020-07-12,121,7274,7274,81,5164,5,142,247388,1465,2103,428,9,58,95,24,2161,,,23.0,2.3,22.5
2020-07-13,112,7386,7386,35,5199,4,146,247963,575,2210,434,6,62,77,18,2272,,,24.0,1.0,25.6
2020-07-14,119,7505,7505,168,5367,2,148,253324,5361,2207,446,12,53,84,17,2260,,,33.0,0.8,24.5
2020-07-15,103,7608,7608,190,5557,4,152,257593,4269,2159,446,0,64,81,21,2223,,,31.0,0.8,26.6
2020-07-16,120,7728,7728,222,5779,3,155,262772,5179,2165,451,5,65,95,25,2230,,,30.0,0.8,24.1
2020-07-17,117,7845,7845,89,5868,5,160,267091,4319,2074,457,6,63,89,22,2137,,,29.0,0.8,26.0
2020-07-18,114,7959,7959,146,6014,3,163,270258,3167,2011,462,5,62,82,21,2073,,,32.0,1.7,24.4
2020-07-19,118,8077,8077,0,6014,5,168,272597,2339,2004,464,2,63,83,18,2067,,,27.0,2.2,24.8
2020-07-20,109,8186,8186,189,6203,3,171,275323,2726,1949,485,21,63,73,17,2012,,,26.0,1.0,26.2
2020-07-21,102,8288,8288,96,6299,6,177,280245,4922,1995,491,6,51,81,19,2046,,,34.0,0.9,24.2
2020-07-22,113,8401,8401,91,6390,2,179,283714,3469,2014,504,13,56,79,15,2070,,,28.0,0.9,25.9
2020-07-23,110,8511,8511,108,6498,5,184,288187,4473,1775,513,9,57,79,18,1832,,,25.0,0.9,27.7
2020-07-24,105,8616,8616,117,6615,6,190,292290,4103,1670,520,7,57,86,19,1727,,,28.0,0.8,25.4
2020-07-25,101,8717,8717,112,6727,6,196,296658,4368,1606,521,1,59,81,20,1665,,,25.0,2.1,25.1
2020-07-26,109,8826,8826,42,6769,4,200,297929,1271,1602,524,3,66,79,23,1668,,,26.0,2.5,24.8
2020-07-27,104,8930,8930,58,6827,6,206,298609,680,1532,534,10,66,73,19,1598,,,32.0,1.0,24.9
2020-07-28,103,9033,9033,183,7010,5,211,303777,5168,1519,539,5,60,74,22,1579,,,27.0,0.9,30.0
2020-07-29,107,9140,9140,212,7222,7,218,307103,3326,1288,541,2,58,69,19,1346,,,27.0,1.0,26.8
2020-07-30,101,9241,9241,203,7425,5,223,312054,4951,1323,542,1,57,74,18,1380,,,32.0,0.9,24.7
2020-07-31,105,9346,9346,217,7642,7,230,315145,3091,1287,554,12,53,70,16,1340,,,27.0,1.0,25.5
2020-08-01,98,9444,9444,188,7830,4,234,320647,5502,1282,556,2,51,78,18,1333,,,33.0,1.9,24.8
2020-08-02,104,9548,9548,92,7922,6,240,322107,1460,1302,561,5,44,79,21,1346,,,32.0,2.2,28.8
2020-08-03,106,9654,9654,84,8006,6,246,322635,528,1261,563,2,41,72,19,1302,,,31.0,0.9,26.2
2020-08-04,95,9749,9749,102,8108,5,251,326955,4320,1259,567,4,53,76,24,1312,,,32.0,0.9,30.0
2020-08-05,97,9846,9846,86,8194,4,255,330914,3959,1269,573,6,56,62,15,1325,,,26.0,0.9,25.8
2020-08-06,93,9939,9939,72,8266,7,262,334999,4085,1206,581,8,56,67,15,1262,,,21.0,0.8,26.2
2020-08-07,92,10031,10031,76,8342,7,269,338745,3746,1166,593,12,54,66,8,1220,,,20.0,0.9,27.1
2020-08-08,99,10130,10130,84,8426,4,273,344386,5641,1156,594,1,46,62,7,1202,,,29.0,1.9,25.6
2020-08-09,52,10182,10182,33,8459,7,280,346116,1730,1168,597,3,48,64,9,1216,,,23.0,2.3,26.6
2020-08-10,87,10269,10269,28,8487,5,285,346596,480,1193,599,2,49,50,5,1242,,,27.0,0.9,26.5
2020-08-11,65,10334,10334,137,8624,7,292,349987,3391,1158,600,1,40,55,7,1198,,,27.0,0.8,28.4
2020-08-12,64,10398,10398,146,8770,5,297,352856,2869,1157,604,4,34,48,5,1191,,,24.0,0.9,27.5
2020-08-13,53,10451,10451,152,8922,6,303,358106,5250,1123,610,6,31,42,8,1154,,,42.0,0.9,26.3
2020-08-14,67,10518,10518,163,9085,3,306,362216,4110,1094,618,8,28,52,6,1122,,,25.0,1.0,25.9
2020-08-15,56,10574,10574,94,9179,3,309,366855,4639,1106,644,26,26,58,10,1132,,,27.0,1.9,26.7
2020-08-16,47,10621,10621,87,9266,3,312,368670,1815,1060,646,2,28,58,7,1088,,,20.0,2.3,25.8
2020-08-17,53,10674,10674,67,9333,3,315,369635,965,1122,650,4,32,58,12,1154,,,29.0,0.8,26.1
2020-08-18,50,10724,10724,52,9385,4,319,374283,4648,1156,653,3,30,57,8,1186,,,31.0,0.8,29.0
2020-08-19,51,10775,10775,73,9458,5,324,377692,3409,1093,656,3,25,60,11,1118,,,15.0,0.9,25.5
2020-08-20,44,10819,10819,69,9527,5,329,381806,4114,1107,657,1,27,52,10,1134,,,31.0,0.9,23.3
2020-08-21,53,10872,10872,24,9551,6,335,385503,3697,1061,658,1,27,53,11,1088,,,29.0,0.8,26.5
2020-08-22,56,10928,10928,83,9634,3,338,389660,4157,1009,663,5,23,49,12,1032,,,15.0,2.0,25.2
2020-08-23,50,10978,10978,42,9676,1,339,391806,2146,1043,665,2,23,49,12,1066,,,22.0,2.4,23.6
2020-08-24,57,11035,11035,57,9733,2,341,392146,340,1051,668,3,24,47,10,1075,,,26.0,0.9,23.2
2020-08-25,59,11094,11094,61,9794,3,344,395842,3696,983,669,1,22,50,9,1005,,,26.0,0.8,26.7
2020-08-26,47,11141,11141,50,9844,2,346,400270,4428,972,670,1,22,49,13,994,,,21.0,0.8,26.8
2020-08-27,51,11192,11192,48,9892,3,349,403252,2982,973,673,3,22,43,13,995,,,23.0,0.9,23.6
2020-08-28,46,11238,11238,38,9930,3,352,407653,4401,913,674,1,18,39,5,931,,,25.0,0.8,22.8
2020-08-29,51,11289,11289,43,9973,2,354,412094,4441,868,679,5,11,50,9,879,,,0.0,1.8,25.7
2020-08-30,55,11344,11344,49,10022,1,355,413566,1472,913,683,4,12,45,7,925,,,39.0,2.2,25.1
2020-08-31,60,11404,11404,51,10073,3,358,416983,3417,969,684,1,12,45,12,981,,,20.0,0.8,27.2
2020-09-01,52,11456,11456,93,10166,3,361,420344,3361,941,684,0,15,48,5,956,,,29.0,0.7,25.6
2020-09-02,45,11501,11501,63,10229,3,364,424936,4592,901,685,1,18,33,8,919,,,30.0,0.7,24.2
2020-09-03,50,11551,11551,58,10287,3,367,429449,4513,894,685,0,18,43,9,912,,,35.0,0.6,24.0
2020-09-04,56,11607,11607,37,10324,4,371,433487,4038,897,687,2,18,35,9,915,,,22.0,0.7,24.2
2020-09-05,63,11670,11670,89,10413,5,376,437107,3620,859,690,3,12,43,8,871,,,19.0,2.1,24.0
2020-09-06,57,11727,11727,57,10470,2,378,438687,1580,890,693,3,18,39,3,908,,,21.0,2.6,22.2
2020-09-07,50,11777,11777,48,10518,0,378,439442,755,978,696,3,19,39,2,997,,,31.0,0.8,23.6
2020-09-08,52,11829,11829,63,10581,3,381,444702,5260,950,699,3,16,49,3,966,,,29.0,0.9,23.2
2020-09-09,56,11885,11885,59,10640,3,384,448837,4135,916,701,2,12,38,2,928,,,31.0,0.8,22.9
2020-09-10,56,11941,11941,72,10712,3,387,452652,3815,893,704,3,12,41,2,905,,,35.0,0.7,24.3
2020-09-11,53,11994,11994,63,10775,2,389,455719,3067,920,710,6,16,33,3,936,,,35.0,0.9,22.5
2020-09-12,50,12044,12044,58,10833,1,390,459812,4093,941,712,2,15,47,3,956,,,32.0,1.8,22.4
2020-09-13,49,12093,12093,23,10856,4,394,460832,1020,978,714,2,16,47,5,994,,,32.0,2.2,23.5
2020-09-14,55,12148,12148,19,10875,3,397,461732,900,1027,719,5,17,43,5,1044,,,34.0,0.8,25.2
2020-09-15,59,12207,12207,59,10934,1,398,468497,6765,1024,720,1,15,40,7,1039,,,15.0,0.6,22.5
2020-09-16,53,12260,12260,82,11016,3,401,472410,3913,1030,724,4,14,44,9,1044,,,19.0,0.7,23.1
2020-09-17,47,12307,12307,96,11112,2,403,475838,3428,946,729,5,18,46,11,964,,,20.0,0.7,23.5
2020-09-18,49,12356,12356,93,11205,4,407,479779,3941,1033,730,1,19,34,7,1052,,,23.0,0.8,24.5
2020-09-19,54,12410,12410,84,11289,3,410,484646,4867,1064,734,4,19,43,8,1083,,,37.0,2.1,24.1
2020-09-20,61,12471,12471,34,11323,3,413,486115,1469,1148,739,5,19,34,5,1167,,,18.0,2.3,22.7
2020-09-21,55,12526,12526,44,11367,4,417,486827,712,1204,740,1,19,45,12,1223,,,28.0,0.6,25.6
2020-09-22,61,12587,12587,78,11445,3,420,490268,3441,1268,743,3,22,36,10,1290,,,17.0,0.6,25.1
2020-09-23,65,12652,12652,92,11537,5,425,495513,5245,1317,744,1,18,38,9,1335,,,24.0,0.7,24.2
2020-09-24,63,12715,12715,73,11610,3,428,499757,4244,1313,744,0,19,37,8,1332,,,20.0,0.8,24.0
2020-09-25,67,12782,12782,78,11688,4,432,503641,3884,1393,752,8,21,40,11,1414,,,27.0,0.7,25.7
2020-09-26,72,12854,12854,84,11772,3,435,508507,4866,1376,752,0,21,47,11,1397,,,4.0,2.0,27.1
2020-09-27,76,12930,12930,46,11818,4,439,509748,1241,1421,762,10,21,49,11,1442,,,29.0,2.5,26.4
2020-09-28,69,12999,12999,41,11859,2,441,511272,1524,1447,768,6,21,59,15,1468,,,32.0,0.7,27.0
2020-09-29,71,13070,13070,63,11922,4,445,516938,5666,1557,772,4,22,55,18,1579,,,26.0,0.9,27.6
2020-09-30,77,13147,13147,51,11973,4,449,523729,6791,1662,784,12,26,51,15,1688,,,30.0,0.7,25.6
2020-10-01,82,13229,13229,49,12022,5,454,530161,6432,1679,792,8,29,56,13,1708,,,26.0,0.8,27.1
2020-10-02,84,13314,13313,42,12064,3,457,535595,5434,1708,797,5,33,51,10,1741,,,25.0,0.8,27.1
2020-10-03,79,13393,13392,53,12117,4,461,542567,6972,1835,802,5,31,59,8,1866,,,21.0,2.0,27.2
2020-10-04,77,13470,13469,32,12149,3,464,543894,1327,1952,809,7,34,62,8,1986,,,23.0,2.6,27.8
2020-10-05,73,13543,13542,28,12177,5,469,545972,2078,2058,816,7,37,54,5,2095,,,27.0,1.0,26.3
2020-10-06,78,13621,13620,54,12231,4,473,550794,4822,2089,822,6,35,59,7,2124,,,28.0,0.9,28.3
2020-10-07,82,13703,13702,63,12294,3,476,557944,7150,2143,830,8,33,63,9,2176,,,21.0,1.0,27.2
2020-10-08,92,13795,13794,58,12352,5,481,564322,6378,2229,841,11,33,86,16,2262,,,27.0,1.0,25.7
2020-10-09,82,13877,13876,46,12398,2,483,569999,5677,2260,845,4,33,84,21,2293,,,22.0,1.0,27.0
2020-10-10,95,13972,13971,42,12440,5,488,577154,7155,2381,853,8,28,90,18,2409,,,26.0,2.3,26.0
2020-10-11,118,14090,14089,31,12471,3,491,579986,2832,2509,866,13,40,104,22,2549,,,26.0,2.8,26.3
2020-10-12,115,14205,14204,37,12508,5,496,582122,2136,2693,879,13,33,110,28,2726,,,31.0,1.1,26.2
2020-10-13,114,14319,14318,95,12603,5,501,589794,7672,2849,891,12,44,119,28,2893,,,29.0,1.0,28.1
2020-10-14,120,14439,14438,98,12701,6,507,597935,8141,2940,898,7,42,101,24,2982,,,29.0,1.0,25.2
2020-10-15,127,14566,14565,96,12797,6,513,604482,6547,2983,914,16,41,121,25,3024,,,25.0,1.0,24.9
2020-10-16,129,14695,14694,92,12889,6,519,610985,6503,3025,920,6,41,106,27,3066,,,28.0,1.1,26.6
2020-10-17,135,14830,14829,88,12977,5,524,617127,6142,3313,931,11,41,122,33,3354,,,30.0,2.1,26.9
2020-10-18,149,14979,14978,56,13033,4,528,620054,2927,3260,938,7,45,120,28,3305,,,27.0,2.9,26.5
2020-10-19,157,15136,15135,48,13081,5,533,626153,6099,3414,950,12,50,122,37,3464,,,30.0,1.2,26.2
2020-10-20,169,15305,15304,86,13167,6,539,631983,5830,3490,957,7,52,120,45,3542,,,31.0,1.2,28.6
2020-10-21,186,15491,15490,92,13259,3,542,637950,5967,3565,976,19,72,123,27,3637,,,29.0,1.1,25.9
2020-10-22,180,15671,15670,94,13353,6,548,643458,5508,3586,980,4,74,118,29,3660,,,30.0,1.3,25.8
2020-10-23,175,15846,15845,98,13451,4,552,650213,6755,3702,987,7,78,124,27,3780,,,31.0,1.3,27.7
2020-10-24,179,16025,16024,87,13538,5,557,657641,7428,3838,1000,13,70,131,31,3908,,,37.0,2.5,25.8
2020-10-25,181,16206,16205,55,13593,3,560,662123,4482,3955,1016,16,71,138,31,4026,,,28.0,3.0,26.7
2020-10-26,177,16383,16382,58,13651,6,566,668393,6270,4108,1034,18,77,137,33,4185,,,39.0,1.6,27.7
2020-10-27,183,16566,16565,115,13766,3,569,676263,7870,4049,1046,12,76,136,31,4125,,,36.0,1.4,26.4
2020-10-28,180,16746,16745,158,13924,5,574,685746,9483,3971,1064,18,76,128,32,4047,,,38.0,1.6,25.4
2020-10-29,178,16924,16923,164,14088,4,578,693300,7554,3943,1077,13,71,126,33,4014,,,44.0,1.6,26.5
2020-10-30,185,17109,17108,142,14230,5,583,701919,8619,3833,1092,15,68,119,38,3901,,,47.0,1.6,22.3
2020-10-31,182,17291,17290,161,14391,3,586,714424,12505,3788,1106,14,59,118,34,3847,,,51.0,2.6,24.3
2020-11-01,177,17468,17467,54,14445,4,590,716661,2237,3777,1116,10,59,115,38,3836,,,49.0,3.0,24.9
2020-11-02,179,17647,17646,56,14501,6,596,719040,2379,3859,1131,15,67,115,31,3926,,,52.0,1.6,25.1
2020-11-03,182,17829,17828,147,14648,4,600,725533,6493,3981,1140,9,64,108,30,4045,,,49.0,1.6,23.7
2020-11-04,181,18010,18009,172,14820,3,603,740602,15069,3884,1151,11,52,114,33,3936,,,54.0,2.8,25.0
2020-11-05,180,18190,18189,133,14953,6,609,745114,4512,3954,1162,11,60,128,30,4014,,,56.0,1.6,25.9
2020-11-06,176,18366,18365,171,15124,3,612,754418,9304,3907,1181,19,60,106,26,3967,,,50.0,1.6,25.7
2020-11-07,181,18547,18546,168,15292,5,617,764071,9653,3916,1195,14,51,121,34,3967,,,51.0,2.6,25.0
2020-11-08,177,18724,18723,38,15330,4,621,768552,4481,3981,1213,18,51,128,32,4032,,,52.0,2.9,25.9
2020-11-09,174,18898,18897,112,15442,4,625,770921,2369,3912,1226,13,59,139,30,3971,,,57.0,1.6,26.8
2020-11-10,179,19077,19076,173,15615,5,630,782886,11965,3965,1235,9,60,142,32,4025,,,61.0,1.6,25.4
2020-11-11,185,19262,19261,176,15791,3,633,791343,8457,3929,1252,17,53,146,31,3982,,,54.0,1.5,24.9
2020-11-12,178,19440,19439,144,15935,7,640,801007,9664,3880,1262,10,58,142,32,3938,,,60.0,1.5,25.8
2020-11-13,184,19624,19623,128,16063,4,644,811239,10232,3782,1267,5,62,174,51,3844,,,60.0,1.5,25.0
2020-11-14,186,19810,19809,161,16224,4,648,821562,10323,3758,1278,11,53,166,50,3811,,,59.0,2.5,25.2
2020-11-15,176,19986,19985,83,16307,7,655,825313,3751,3790,1285,7,56,157,66,3846,,,58.0,2.9,25.9
2020-11-16,174,20160,20159,72,16379,5,660,828925,3612,3859,1311,26,57,182,54,3916,,,60.0,1.4,24.8
2020-11-17,179,20339,20338,136,16515,6,666,839680,10755,3754,1327,16,54,177,52,3808,,,64.0,1.4,24.8
2020-11-18,182,20521,20520,154,16669,4,670,847276,7596,3719,1333,6,54,198,53,3773,,,63.0,1.4,24.3
2020-11-19,176,20697,20696,167,16836,7,677,856680,9404,3612,1341,8,54,202,51,3666,,,64.0,1.4,25.7
2020-11-20,186,20883,20882,177,17013,5,682,863516,6836,3544,1353,12,51,205,60,3595,,,28.0,1.3,24.4
2020-11-21,183,21066,21065,156,17169,5,687,875111,11595,3337,1361,8,45,203,59,3382,,,78.0,2.5,23.4
2020-11-22,178,21244,21243,94,17263,6,693,880233,5122,3454,1371,10,46,195,56,3500,,,62.0,3.0,23.4
2020-11-23,172,21416,21415,66,17329,5,698,882447,2214,3547,1385,14,47,182,58,3594,,,65.0,1.4,23.5
2020-11-24,175,21591,21590,118,17447,6,704,892782,10335,3426,1393,8,45,205,60,3471,,,56.0,1.3,21.5
2020-11-25,179,21770,21769,170,17617,7,711,899172,6390,3366,1397,4,40,207,52,3406,,,61.0,1.3,21.8
2020-11-26,187,21957,21956,193,17810,6,717,907728,8556,3369,1406,9,38,209,50,3407,,,65.0,1.3,21.6
2020-11-27,181,22138,22137,188,17998,7,724,914180,6452,2940,1406,0,35,208,55,2975,,,59.0,1.3,22.6
2020-11-28,179,22317,22316,196,18194,6,730,920061,5881,3116,1406,0,28,209,40,3144,,,65.0,2.5,21.1
2020-11-29,176,22493,22492,104,18298,6,736,924174,4113,2952,1417,11,32,186,37,2984,,,60.0,2.9,22.1
2020-11-30,179,22672,22671,110,18408,7,743,927011,2837,3045,1431,14,38,198,48,3083,,,63.0,1.3,21.1
2020-12-01,177,22849,22848,166,18574,7,750,933241,6230,2962,1433,2,31,189,46,2993,,,65.0,1.3,21.6
2020-12-02,182,23031,23030,179,18753,6,756,938871,5630,2990,1441,8,22,199,47,3012,,,56.0,1.3,20.2
2020-12-03,186,23217,23216,154,18907,8,764,944180,5309,2867,1444,3,27,190,49,2894,,,66.0,1.3,21.3
2020-12-04,176,23393,23392,195,19102,7,771,951918,7738,2784,1450,6,28,184,46,2812,,,59.0,1.3,19.7
2020-12-05,179,23572,23571,198,19300,8,779,959198,7280,2588,1454,4,32,209,40,2620,,,66.0,2.5,20.4
2020-12-06,180,23752,23751,108,19408,7,786,961123,1925,2792,1460,6,35,193,39,2827,,,65.0,3.0,20.9
2020-12-07,178,23930,23929,94,19502,6,792,961775,652,2828,1463,3,36,204,42,2864,,,66.0,1.3,20.6
2020-12-08,174,24104,24103,197,19699,6,798,969478,7703,2733,1465,2,36,199,55,2769,,,60.0,1.2,19.5
2020-12-09,168,24272,24271,192,19891,8,806,973840,4362,2611,1467,2,37,194,56,2648,,,64.0,1.2,18.1
2020-12-10,170,24442,24441,190,20081,7,813,979569,5729,2728,1471,4,37,194,37,2765,,,63.0,1.2,18.9
2020-12-11,172,24614,24613,216,20297,7,820,985645,6076,2543,1487,16,37,151,39,2580,,,61.0,1.1,16.1
2020-12-12,169,24783,24782,224,20521,6,826,993120,7475,2512,1490,3,37,180,42,2549,,,63.0,2.3,18.4
2020-12-13,168,24951,24950,121,20642,7,833,994721,1601,2605,1495,5,36,178,37,2641,,,46.0,2.9,19.6
2020-12-14,170,25136,25120,96,20738,6,839,996076,1355,2657,1511,16,38,166,40,2695,,,66.0,1.1,18.9
2020-12-15,168,25304,25288,256,20994,7,846,1003639,7563,2597,1516,5,38,173,40,2635,,,58.0,1.0,19.4
2020-12-16,163,25467,25451,165,21159,7,853,1008419,4780,2537,1519,3,32,150,35,2569,,,52.0,1.0,17.8
2020-12-17,167,25634,25618,208,21367,7,860,1013586,5167,2454,1528,9,28,134,40,2482,,,54.0,1.0,18.6
2020-12-18,171,25805,25789,203,21570,6,866,1019314,5728,2406,1533,5,30,158,40,2436,,,63.0,1.0,18.0
2020-12-19,166,25971,25955,228,21798,8,874,1026864,7550,2257,1537,4,30,174,43,2287,,,56.0,2.2,18.8
2020-12-20,169,26140,26124,109,21907,7,881,1029064,2200,2279,1546,9,34,175,39,2313,,,54.0,2.8,18.4
2020-12-21,165,26305,26289,98,22005,7,888,1029415,351,2331,1549,3,36,174,46,2367,,,58.0,1.1,19.7
2020-12-22,166,26471,26455,216,22221,7,895,1036260,6845,2296,1553,4,33,167,45,2329,,,53.0,1.0,19.7
2020-12-23,161,26632,26616,233,22454,7,902,1040503,4243,2259,1564,11,28,167,40,2287,,,52.0,1.0,14.9
2020-12-24,158,26790,26774,229,22683,7,909,1046625,6122,2277,1570,6,28,175,38,2305,1280,,55.0,0.9,15.1
2020-12-25,165,26955,26939,217,22900,9,918,1051883,5258,2250,1574,4,26,174,50,2276,,,55.0,1.0,15.7
2020-12-26,160,27115,27099,231,23131,7,925,1057107,5224,2100,1590,16,21,169,47,2121,,,51.0,2.8,15.6
2020-12-27,157,27272,27256,93,23224,8,933,1058438,1331,2050,1598,8,23,159,43,2073,,,49.0,3.3,15.0
2020-12-28,155,27427,27411,95,23319,8,941,1059112,674,2157,1608,10,23,152,38,2180,,,54.0,1.5,13.5
2020-12-29,156,27583,27567,214,23533,9,950,1065906,6794,2073,1613,5,16,148,37,2089,,,58.0,1.0,14.5
2020-12-30,153,27736,27720,225,23758,8,958,1069841,3935,1894,1621,8,11,144,37,1905,1900,,54.0,1.2,15.0
2020-12-31,149,27885,27869,238,23996,9,967,1076039,6198,1765,1630,9,6,131,28,1771,,,27.0,2.9,15.0
2021-01-01,152,28037,28021,244,24240,7,974,1079842,3803,1580,1638,8,4,147,24,1584,,,,3.8,15.1
2021-01-02,154,28191,28175,127,24367,9,983,1080222,380,1612,1647,9,7,152,30,1619,,,,3.6,14.8
2021-01-03,150,28341,28325,151,24518,8,991,1080825,603,1667,1653,6,8,152,29,1675,,,,3.4,10.8
2021-01-04,146,28487,28471,193,24711,9,1000,1082066,1241,1725,1660,7,9,151,50,1734,,,0.0,3.0,11.2
2021-01-05,142,28629,28613,187,24898,8,1008,1084739,2673,1680,1663,3,13,154,28,1693,,,56.0,2.9,11.8
2021-01-06,141,28770,28754,209,25107,7,1015,1086666,1927,1673,1667,4,13,158,37,1686,,,58.0,2.7,11.0
2021-01-07,146,28916,28900,221,25328,9,1024,1090649,3983,1720,1672,5,15,160,30,1735,,,50.0,3.1,11.4
2021-01-08,143,29059,29043,92,25420,7,1031,1091430,781,1766,1680,8,15,162,32,1781,,,57.0,2.8,11.4
2021-01-09,139,29198,29182,203,25623,9,1040,1096388,4958,1687,1684,4,15,176,22,1702,,,57.0,3.0,11.8
2021-01-10,140,29338,29322,111,25734,7,1047,1099953,3565,1524,1687,3,15,170,18,1539,,,48.0,3.1,11.3
2021-01-11,138,29476,29460,189,25923,8,1055,1105348,5395,1762,1693,6,13,171,23,1775,,,49.0,1.3,12.0
2021-01-12,136,29612,29596,214,26137,9,1064,1112110,6762,1711,1700,7,13,145,31,1724,,,47.0,1.4,12.3
2021-01-13,140,29752,29736,228,26365,9,1073,1115659,3549,1657,1705,5,17,149,31,1674,2670,,50.0,1.4,13.5
2021-01-14,144,29896,29880,232,26597,8,1081,1121190,5531,1517,1710,5,17,141,25,1534,,,46.0,1.4,13.8
2021-01-15,139,30035,30019,226,26823,8,1089,1126401,5211,1607,1717,7,17,90,25,1624,,,52.0,1.4,13.2
2021-01-16,146,30181,30165,237,27060,9,1098,1132057,5656,1548,1725,8,18,96,18,1566,,,57.0,2.5,12.9
2021-01-17,142,30323,30307,101,27161,7,1105,1133556,1499,1578,1728,3,18,130,23,1596,,,51.0,3.0,12.1
2021-01-18,138,30461,30445,97,27258,9,1114,1134529,973,1624,1732,4,21,141,25,1645,4194,,55.0,1.1,11.0
2021-01-19,142,30603,30587,188,27446,8,1122,1141637,7108,1633,1737,5,18,138,25,1651,,,51.0,1.1,11.2
2021-01-20,144,30747,30731,209,27655,7,1129,1145419,3782,1619,1743,6,16,138,26,1635,5000,,47.0,1.2,11.6
2021-01-21,147,30894,30878,223,27878,10,1139,1150552,5133,1587,1751,8,16,127,28,1603,5806,,51.0,1.1,10.8
2021-01-22,140,31034,31018,211,28089,9,1148,1155161,4609,1541,1757,6,16,129,24,1557,,,54.0,1.1,11.8
2021-01-23,137,31171,31155,218,28307,7,1155,1161410,6249,1519,1766,9,16,137,22,1535,,,51.0,2.5,11.2
2021-01-24,135,31306,31290,94,28401,10,1165,1162988,1578,1565,1771,5,19,138,18,1584,,,49.0,3.3,10.9
2021-01-25,134,31440,31424,90,28491,8,1173,1163819,831,1634,1775,4,19,132,19,1653,9748,,47.0,1.9,10.3
2021-01-26,131,31571,31555,197,28688,10,1183,1169994,6175,1603,1778,3,21,152,27,1624,,,48.0,1.7,10.6
2021-01-27,138,31709,31693,208,28896,8,1191,1174397,4403,1590,1782,4,20,100,14,1610,,,50.0,1.0,10.3
2021-01-28,134,31843,31827,214,29110,10,1201,1179057,4660,1558,1789,7,19,104,16,1577,14146,2500,48.0,1.0,11.5
2021-01-29,139,31982,31966,220,29330,8,1209,1183181,4124,1520,1804,15,18,113,15,1538,14610,2613,49.0,1.0,11.5
2021-01-30,136,32118,32102,228,29558,7,1216,1188815,5634,1460,1807,3,18,113,19,1478,,,51.0,2.4,10.5
2021-01-31,133,32251,32235,97,29655,9,1225,1190277,1462,1508,1812,5,18,115,17,1526,,,45.0,3.1,10.9
2021-02-01,134,32385,32369,92,29747,8,1233,1191478,1201,1560,1819,7,15,109,23,1575,,,44.0,1.2,10.0
2021-02-02,132,32517,32501,202,29949,10,1243,1197179,5701,1582,1827,8,6,102,22,1588,14797,2958,47.0,1.1,9.6
2021-02-03,135,32652,32636,206,30155,7,1250,1201542,4363,1548,1833,6,6,103,21,1554,,,49.0,1.2,10.6
2021-02-04,134,32786,32770,213,30368,10,1260,1205536,3994,1530,1845,12,6,113,18,1536,,,46.0,1.1,10.2
2021-02-05,131,32917,32901,219,30587,7,1267,1210446,4910,1494,1849,4,11,98,23,1505,15000,,45.0,1.1,11.1
2021-02-06,127,33044,33028,0,30587,6,1273,1216648,6202,1466,1852,3,11,123,21,1477,16781,3416,41.0,2.4,10.9
2021-02-07,125,33169,33153,298,30885,8,1281,1218106,1458,1501,1857,5,11,103,16,1512,,,35.0,3.0,10.8
2021-02-08,128,33297,33281,94,30979,7,1288,1218444,338,1545,1866,9,11,124,26,1556,,,51.0,1.2,10.0
2021-02-09,130,33427,33411,215,31194,8,1296,1224476,6032,1522,1870,4,15,120,24,1537,,,41.0,1.2,9.7
2021-02-10,134,33561,33545,208,31402,6,1302,1229555,5079,1511,1880,10,16,119,28,1527,25000,5000,44.0,1.2,10.1
2021-02-11,131,33692,33676,202,31604,7,1309,1234079,4524,1470,1886,6,19,116,21,1489,30638,6000,44.0,1.3,11.1
2021-02-12,127,33819,33803,103,31707,6,1315,1237506,3427,1478,1892,6,20,125,21,1498,,,40.0,1.4,11.7
2021-02-13,128,33947,33931,94,31801,9,1324,1241130,3624,1414,1894,2,20,124,26,1434,,,41.0,2.6,10.7
2021-02-14,121,34068,34052,67,31868,6,1330,1242515,1385,1413,1898,4,20,131,24,1433,,,44.0,2.9,11.2
2021-02-15,123,34191,34175,41,31909,8,1338,1247325,4810,1452,1907,9,20,127,24,1472,32707,7477,46.0,1.1,11.0
2021-02-16,120,34311,34295,73,31982,7,1345,1253144,5819,1444,1915,8,25,100,21,1469,35629,11117,48.0,1.0,9.9
2021-02-17,126,34437,34421,79,32061,7,1352,1258106,4962,1317,1924,9,24,107,20,1341,,,55.0,1.1,10.1
2021-02-18,121,34558,34542,84,32145,9,1361,1262494,4388,1278,1926,2,27,103,21,1305,41784,13638,46.0,1.1,11.1
2021-02-19,118,34676,34660,81,32226,7,1368,1267290,4796,1285,1942,16,26,90,19,1311,44823,14261,37.0,1.1,10.9
2021-02-20,124,34800,34784,79,32305,9,1377,1273329,6039,1245,1949,7,23,85,17,1268,,,41.0,1.4,10.2
2021-02-21,128,34928,34912,51,32356,6,1383,1278285,4956,1178,1961,12,23,98,19,1201,,,29.0,2.7,10.8
2021-02-22,119,35047,35031,32,32388,8,1391,1279053,768,1216,1972,11,23,96,18,1239,,,43.0,2.6,11.2
2021-02-23,115,35162,35146,24,32412,6,1397,1280372,1319,1219,1978,6,18,96,20,1237,,,52.0,3.0,11.1
2021-02-24,112,35274,35258,48,32460,9,1406,1280751,379,1263,1990,12,20,95,19,1283,53007,14535,31.0,1.2,10.6
2021-02-25,118,35392,35376,97,32557,8,1414,1285769,5018,1258,1994,4,20,87,17,1278,,,44.0,1.1,10.8
2021-02-26,123,35515,35499,102,32659,7,1421,1293591,7822,1244,2005,11,25,88,14,1269,59682,16241,40.0,1.1,11.9
2021-02-27,120,35635,35619,110,32769,9,1430,1298981,5390,1182,2018,13,25,90,15,1207,,,36.0,2.5,11.6
2021-02-28,114,35749,35733,55,32824,6,1436,1300683,1702,1220,2020,2,25,90,15,1245,,,48.0,3.0,11.3
2021-03-01,111,35860,35844,61,32885,8,1444,1301664,981,1251,2025,5,25,94,16,1276,,,44.0,1.1,12.0
2021-03-02,115,35975,35959,110,32995,8,1452,1306784,5120,1250,2031,6,21,91,16,1271,63498,20693,46.0,1.0,10.1
2021-03-03,107,36082,36066,112,33107,9,1461,1312507,5723,1233,2033,2,21,90,15,1254,67315,25908,41.0,1.0,12.5
2021-03-04,100,36182,36166,107,33214,6,1467,1316959,4452,1212,2036,3,18,93,16,1230,,,44.0,0.9,12.4
2021-03-05,106,36288,36272,115,33329,8,1475,1323567,6608,1225,2046,10,19,100,16,1244,73710,30693,41.0,1.0,12.0
2021-03-06,109,36397,36381,124,33453,7,1482,1328070,4503,1227,2061,15,17,99,16,1244,,,42.0,2.2,11.7
2021-03-07,102,36499,36483,48,33501,7,1489,1329630,1560,1170,2072,11,19,103,19,1189,,,44.0,2.5,11.6
2021-03-08,100,36599,36583,52,33553,6,1495,1330667,1037,1197,2078,6,19,100,16,1216,,,57.0,2.8,12.4
2021-03-09,104,36703,36687,37,33590,8,1503,1331518,851,1221,2087,9,18,98,15,1239,73800,30693,32.0,1.1,10.9
2021-03-10,102,36805,36789,96,33686,7,1510,1336947,5429,1210,2097,10,17,87,13,1227,,,36.0,0.9,10.7
2021-03-11,97,36902,36886,104,33790,6,1516,1340540,3593,1175,2104,7,14,92,18,1189,,,41.0,0.9,11.4
2021-03-12,100,37002,36986,108,33898,5,1521,1345483,4943,1157,2113,9,16,98,18,1173,82875,43000,47.0,0.9,13.1
2021-03-13,103,37105,37089,117,34015,4,1525,1349636,4153,1061,2121,8,16,95,17,1077,,,40.0,2.3,12.9
2021-03-14,98,37203,37187,84,34099,6,1531,1351981,2345,1111,2134,13,12,91,14,1123,,,58.0,2.9,12.6
2021-03-15,95,37298,37282,75,34174,5,1536,1352964,983,1142,2148,14,14,88,15,1156,,,47.0,1.0,11.6
2021-03-16,101,37399,37383,110,34284,6,1542,1358163,5199,1073,2157,9,10,92,14,1083,,,43.0,0.9,10.9
2021-03-17,92,37491,37475,119,34403,5,1547,1362645,4482,1042,2165,8,6,92,11,1048,,,44.0,0.9,11.3
2021-03-18,90,37581,37565,132,34535,6,1553,1367085,4440,1762,2173,8,12,96,14,1774,89215,54732,44.0,0.9,11.9
2021-03-19,97,37678,37662,127,34662,5,1558,1372603,5518,1735,2178,5,12,86,13,1747,,,51.0,0.9,13.0
2021-03-20,104,37782,37766,156,34818,6,1564,1377034,4431,1630,2189,11,12,84,16,1642,,,44.0,2.1,11.8
2021-03-21,96,37878,37862,51,34869,5,1569,1378612,1578,1643,2195,6,12,82,16,1655,,,67.0,2.8,12.0
2021-03-22,91,37969,37953,67,34936,5,1574,1379140,528,1658,2201,6,12,76,14,1670,90296,58109,40.0,1.0,10.9
2021-03-23,93,38062,38046,146,35082,6,1580,1385004,5864,1585,2206,5,13,77,11,1598,,,26.0,0.9,11.2
2021-03-24,87,38149,38133,137,35219,5,1585,1388737,3733,1597,2213,7,14,84,13,1611,,,57.0,1.0,12.2
2021-03-25,93,38242,38226,136,35355,6,1591,1392872,4135,1571,2220,7,15,78,14,1586,93368,67198,44.0,1.0,12.7
2021-03-26,101,38343,38327,119,35474,7,1598,1397303,4431,1572,2243,23,15,77,16,1587,,,57.0,1.0,12.8
2021-03-27,94,38437,38421,139,35613,5,1603,1401934,4631,1521,2250,7,15,78,15,1536,,,39.0,2.2,11.9
2021-03-28,85,38522,38506,53,35666,5,1608,1404439,2505,1538,2256,6,15,74,14,1553,95491,70772,75.0,2.8,12.9
2021-03-29,87,38609,38593,41,35707,6,1614,1405906,1467,1599,2268,12,15,85,16,1614,97448,73433,60.0,1.0,13.1
2021-03-30,85,38694,38678,114,35821,5,1619,1409354,3448,1598,2278,10,11,70,15,1609,,,45.0,0.9,12.2
2021-03-31,80,38774,38758,128,35949,6,1625,1413536,4182,1626,2282,4,11,71,15,1637,100461,76317,50.0,0.9,12.9
2021-04-01,73,38847,38831,103,36052,5,1630,1417565,4029,1613,2289,7,7,70,16,1620,103000,78909,48.0,0.8,13.3
2021-04-02,82,38929,38913,98,36150,6,1636,1422571,5006,1570,2293,4,7,74,16,1577,,,58.0,0.9,12.9
2021-04-03,84,39013,38997,119,36269,5,1641,1426865,4294,1539,2293,0,7,64,17,1546,,,39.0,2.2,13.6
2021-04-04,79,39092,39076,42,36311,5,1646,1429179,2314,2297,,,,65,15,1512,,,63.0,2.7,13.2
2021-04-05,75,39167,39151,40,36351,6,1652,1430608,1429,1543,2302,,7,64,15,1550,111132,82037,42.0,0.8,13.0
2021-04-06,79,39246,39230,97,36448,6,1658,1434086,3478,1532,2308,6,7,62,15,1539,115983,84156,40.0,0.8,12.1
2021-04-07,82,39328,39312,106,36554,4,1662,1437685,3599,1496,2313,5,7,57,17,1503,,,49.0,0.8,12.5
2021-04-08,71,39399,39383,103,36657,5,1667,1441363,3678,1485,2316,3,7,64,16,1492,120000,85000,54.0,0.8,13.2
2021-04-09,80,39479,39463,98,36755,4,1671,1445535,4172,1491,2321,5,7,58,14,1498,,,51.0,0.7,13.1
2021-04-10,87,39566,39550,109,36864,5,1676,1449820,4285,1478,2328,7,7,52,10,1485,,,57.0,1.9,13.1
2021-04-11,78,39644,39628,53,36917,4,1680,1451823,2003,1429,2333,5,7,58,16,1436,,,72.0,2.5,13.0
2021-04-12,73,39717,39701,42,36959,4,1684,1453014,1191,1569,2337,4,7,62,13,1576,139692,88451,46.0,0.8,13.3
2021-04-13,79,39796,39780,96,37055,4,1688,1456302,3288,1532,2344,7,7,71,13,1539,142514,90107,51.0,0.7,12.8
2021-04-14,85,39881,39865,93,37148,3,1691,1460275,3973,1433,2348,4,7,78,15,1440,,,39.0,0.8,13.9
2021-04-15,80,39961,39945,86,37234,4,1695,1464853,4578,1412,2354,6,6,73,14,1418,152178,92102,53.0,0.7,12.4
2021-04-16,82,40043,40027,61,37295,5,1700,1469531,4678,1372,2370,16,9,69,15,1381,157184,94416,53.0,0.6,13.0
2021-04-17,76,40119,40103,48,37343,4,1704,1473727,4196,1304,2382,12,9,66,16,1313,,,52.0,2.0,12.4
2021-04-18,72,40191,40175,19,37362,3,1707,1476102,2375,1303,2384,2,9,67,12,1312,,,61.0,2.7,12.7
2021-04-19,70,40261,40245,15,37377,4,1711,1477629,1527,1315,2387,3,7,62,12,1322,,,51.0,0.9,12.6
2021-04-20,74,40335,40319,44,37421,4,1715,1481157,3528,1272,2394,7,7,63,14,1279,169551,97989,44.0,0.8,12.6
2021-04-21,81,40416,40400,39,37460,4,1719,1484930,3773,1234,2401,7,7,57,13,1241,,,54.0,0.8,12.2
2021-04-22,85,40501,40485,47,37507,4,1723,1489094,4164,1233,2411,10,7,55,9,1240,179000,102000,54.0,0.8,13.2
2021-04-23,80,40581,40565,42,37549,4,1727,1493758,4664,1235,2416,5,5,59,11,1240,,,55.0,0.7,13.4
2021-04-24,76,40657,40641,52,37601,4,1731,1497938,4180,1169,2423,7,5,60,13,1174,,,53.0,1.8,13.1
2021-04-25,74,40731,40715,12,37613,3,1734,1499671,1733,1192,2428,5,5,59,16,1197,,,68.0,2.4,13.3
2021-04-26,71,40802,40786,17,37630,3,1737,1501209,1538,2443,,,,56,15,1222,192518,110806,53.0,0.7,13.5
2021-04-27,75,40877,40861,36,37666,5,1742,1504702,3493,1212,2454,,,54,10,1219,,,49.0,0.6,12.9
2021-04-28,79,40956,40940,31,37697,4,1746,1508670,3968,1208,2457,3,7,49,10,1215,,,61.0,0.7,13.7
2021-04-29,74,41030,41014,44,37741,4,1750,1512708,4038,1221,2463,6,6,56,11,1227,208000,122000,59.0,0.6,13.0
2021-04-30,70,41100,41084,48,37789,4,1754,1517744,5036,1184,2475,12,10,56,13,1194,214390,126590,56.0,0.5,14.3
2021-05-01,78,41178,41162,41,37830,4,1758,1522017,4273,1184,2485,10,10,56,13,1194,,,60.0,2.3,14.2
2021-05-02,76,41254,41238,16,37846,3,1761,1523942,1925,1146,2493,8,8,33,6,1154,,,59.0,2.4,14.7
2021-05-03,72,41326,41310,11,37857,4,1765,1525610,1668,1167,2495,2,8,45,7,1175,,,62.0,2.1,13.8
2021-05-04,75,41401,41385,13,37870,3,1768,1527105,1495,1165,2503,8,8,44,9,1173,,,69.0,1.4,12.2
2021-05-05,78,41479,41463,27,37897,4,1772,1529552,2447,1164,2513,10,8,49,6,1172,,,57.0,1.2,11.7
2021-05-06,73,41552,41536,49,37946,5,1777,1532576,3024,1150,2520,7,8,48,4,1158,229855,145939,68.0,1.1,13.4
2021-05-07,69,41621,41605,58,38004,3,1780,1536459,3883,1083,2525,5,7,38,3,1090,234127,150304,60.0,1.2,13.8
2021-05-08,65,41686,41670,55,38059,4,1784,1539915,3456,1099,2530,5,7,45,5,1106,,,70.0,1.9,18.3
2021-05-09,72,41758,41742,16,38075,3,1787,1542083,2168,1109,2539,9,7,40,7,1116,,,62.0,2.3,16.6
2021-05-10,67,41825,41809,13,38088,5,1792,1543841,1758,1107,2554,15,7,40,7,1114,,,71.0,2.2,15.4
2021-05-11,69,41894,41878,14,38102,4,1796,1547158,3317,1185,2565,11,7,51,4,1192,239000,156683,55.0,0.5,14.2
2021-05-12,71,41965,41949,54,38156,5,1801,1550749,3591,1223,2577,12,5,62,6,1228,240863,159336,60.0,0.4,14.2
2021-05-13,68,42033,42017,67,38223,4,1805,1554672,3923,1228,2580,3,5,58,3,1233,,,65.0,0.5,16.1
2021-05-14,74,44210,42091,73,38296,4,1809,1559683,5011,1222,2590,10,5,48,5,1227,253000,178000,67.0,0.4,17.0
2021-05-15,77,42184,42168,75,38371,3,1812,1564431,4748,1181,2596,6,5,51,5,1186,,,64.0,1.6,17.0
2021-05-16,73,42257,42241,34,38405,4,1816,1566652,2221,1196,2602,6,5,52,4,1201,,,62.0,2.3,15.8
2021-05-17,65,42322,42306,28,38433,4,1820,1568246,1594,1220,2609,7,5,48,3,1225,,,68.0,0.5,16.7
2021-05-18,67,42389,42373,67,38500,5,1825,1572011,3765,1268,2616,7,5,59,3,1273,,,67.0,0.5,14.5
2021-05-19,73,42462,42446,81,38581,4,1829,1575516,3505,1274,2622,6,5,55,4,1279,,,69.0,0.5,15.3
2021-05-20,70,42532,42516,59,38640,3,1832,1579321,3805,1291,2630,8,10,61,8,1301,,,67.0,0.6,14.4
2021-05-21,69,42601,42585,65,38705,4,1836,1583725,4404,1285,2635,5,10,57,7,1295,279698,208896,64.0,0.5,16.3
2021-05-22,75,42676,42660,59,38764,5,1841,1587569,3844,1252,2642,7,8,55,8,1260,,,62.0,2.1,12.0
2021-05-23,72,42748,42732,21,38785,4,1845,1589544,1975,1259,2651,9,8,55,8,1267,,,58.0,2.1,14.5
2021-05-24,69,42817,42801,25,38810,4,1849,1590773,1229,1292,2660,9,13,58,8,1305,,,61.0,0.6,12.1
2021-05-25,74,74,42875,56,38866,5,1854,1594469,3696,1324,2668,8,12,58,4,1336,290097,213160,66.0,0.5,11.9
2021-05-26,76,42967,42951,64,38930,4,1858,1598188,3719,1358,2668,0,12,56,3,1370,,,64.0,0.4,12.1
2021-05-27,69,43036,43020,72,39002,4,1862,1601953,3765,1373,2681,13,13,57,3,1386,298772,221893,64.0,0.5,14.3
2021-05-28,75,43111,43095,74,39076,4,1866,1606851,4898,1394,2688,7,16,67,5,1410,302708,226416,69.0,0.6,12.7
2021-05-29,79,43190,43174,77,39153,3,1869,1612507,5656,1319,2695,7,16,69,7,1335,,,66.0,1.7,14.3
2021-05-30,77,43267,43251,29,39182,5,1874,1617047,4540,1351,2700,5,16,74,9,1367,,,62.0,2.2,13.4
2021-05-31,74,43341,43325,33,39215,4,1878,1618898,1851,1397,2712,12,16,67,8,1413,,,64.0,0.5,13.2
2021-06-01,76,43417,43401,78,39293,6,1884,1625449,6551,1447,2722,10,19,63,10,1466,311216,233822,63.0,0.4,13.3
2021-06-02,79,43496,43480,86,39379,5,1889,1630546,5097,1447,2734,12,19,58,8,1466,,,68.0,0.5,13.1
2021-06-03,75,43571,43555,84,39463,5,1894,1635607,5061,1468,2743,9,27,61,6,1495,319000,241000,65.0,0.6,15.0
2021-06-04,85,43656,43640,102,39565,5,1899,1642763,7156,1527,2748,5,22,64,7,1549,,,67.0,0.7,15.0
2021-06-05,92,43749,43732,77,39642,4,1903,1648808,6045,1510,2756,8,32,64,8,1542,,,67.0,1.9,14.7
2021-06-06,87,43835,43819,32,39674,4,1907,1652818,4010,1621,2768,12,34,63,7,1655,,,47.0,2.2,14.9
2021-06-07,73,43908,43892,37,39711,6,1913,1655406,2588,1705,2777,9,24,66,9,1729,327697,252607,64.0,0.6,13.7
2021-06-08,78,43986,43970,84,39795,5,1918,1660774,5368,1642,2786,9,30,67,8,1672,,,72.0,0.5,15.0
2021-06-09,86,44072,44056,87,39882,5,1923,1667881,7107,1740,2796,10,28,74,10,1768,,,68.0,0.6,16.2
2021-06-10,99,44171,44155,91,39973,5,1928,1676582,8701,1858,2812,16,37,80,11,1895,339531,267275,62.0,0.6,15.7
2021-06-11,103,44274,44258,93,40066,6,1934,1684275,7693,1883,2822,10,35,86,11,1918,,,64.0,0.6,17.7
2021-06-12,108,44382,44366,61,40127,4,1938,1692516,8241,1945,2835,13,39,89,12,1984,,,65.0,1.8,16.1
2021-06-13,95,44477,44461,58,40185,5,1943,1698251,5735,2025,2844,9,46,100,15,2071,,,59.0,2.3,16.1
2021-06-14,84,44561,44545,47,40232,5,1948,1701104,2853,2122,2858,14,48,90,12,2170,,,66.0,1.9,16.2
2021-06-15,92,44653,44637,53,40285,6,1954,1707927,6823,2203,2869,11,39,87,13,2242,349118,276173,69.0,0.6,15.0
2021-06-16,99,44752,44736,97,40382,5,1959,1713625,5698,2215,2876,7,66,100,24,2281,,,72.0,0.6,14.3
2021-06-17,102,44854,44838,83,40465,6,1965,1721178,7553,2578,2899,23,61,120,23,2639,361974,289068,68.0,0.6,15.5
2021-06-18,120,44974,44958,71,40536,7,1972,1729761,8583,2706,2926,27,69,137,20,2775,,,68.0,0.6,14.3
2021-06-19,131,45105,45089,101,40637,8,1980,1740445,10684,2811,2944,18,69,138,22,2880,,,68.0,1.8,17.9
2021-06-20,144,45249,45233,53,40690,5,1985,1745689,5244,2989,2960,16,74,146,29,3063,,,55.0,2.4,17.1
2021-06-21,150,45399,45383,61,40751,7,1992,1750349,4660,3143,2986,26,78,151,37,3221,,,62.0,1.0,15.3
2021-06-22,146,45545,45529,127,40878,9,2001,1759287,8938,3367,3006,20,67,165,35,3434,382077,,64.0,1.0,14.7
2021-06-23,154,45699,45683,89,40967,8,2009,1768778,9491,3516,3027,21,94,171,31,3610,,,67.0,0.9,15.8
2021-06-24,160,45859,45843,109,41076,5,2014,1779187,10409,3685,3048,21,94,206,36,3779,399000,309520,62.0,1.0,15.1
2021-06-25,151,46010,45994,93,41169,9,2023,1791523,12336,3894,3071,23,95,228,38,3989,,,53.0,1.0,15.3
2021-06-26,158,46168,46152,105,41274,6,2029,1802062,10539,3938,3084,13,93,236,50,4031,,,35.0,2.0,14.2
2021-06-27,162,46330,46314,68,41342,7,2036,1809431,7369,3979,3103,19,92,283,56,4071,,,44.0,2.4,14.4
2021-06-28,156,46486,46470,59,41401,9,2045,1814908,5477,4283,3115,12,102,326,70,4385,410960,312904,31.0,1.1,14.1
2021-06-29,161,46647,46631,121,41522,7,2052,1825250,10342,4342,3128,13,106,352,72,4448,,,33.0,0.8,12.2
2021-06-30,173,46820,46804,108,41630,11,2063,1837763,12513,4576,3142,14,101,346,80,4677,,,40.0,1.0,14.0
2021-07-01,178,46998,46982,97,41727,9,2072,1848967,11204,4701,3152,10,94,346,86,4795,,,37.0,0.8,14.1
2021-07-02,171,47169,47153,112,41839,7,2079,1862106,13139,4864,3177,25,94,366,83,4958,,,26.0,0.8,13.2
2021-07-03,180,47349,47333,136,41975,6,2085,1874515,12409,4853,3210,33,89,354,73,4942,,,36.0,2.0,12.8
2021-07-04,169,47518,47502,41,42016,10,2095,1882523,8008,5135,3237,27,90,362,72,5225,,,48.0,2.3,13.6
2021-07-05,173,47691,47675,33,42049,5,2100,1890256,7733,5144,3267,30,102,345,67,5246,466858,339250,28.0,0.9,13.4
2021-07-06,179,47870,47854,107,42156,8,2108,1901422,11166,5104,3285,18,99,356,69,5203,499789,351534,36.0,0.9,12.1
2021-07-07,185,48055,48039,118,42274,11,2119,1914957,13535,5378,,,,365,63,5378,,,40.0,1.0,12.3
2021-07-08,189,48244,48228,126,42400,8,2127,1927610,12653,5399,,,,351,66,5399,,,38.0,0.8,11.9
2021-07-09,178,48422,48406,141,42541,10,2137,1942664,15054,5341,3356,,,349,60,5441,,,33.0,0.8,13.0
2021-07-10,184,48606,48590,146,42687,7,2144,1957138,14474,5291,3372,16,100,356,62,5391,,,42.0,1.8,12.5
2021-07-11,179,48785,48769,52,42739,8,2152,1965460,8322,5491,3390,18,99,388,80,5590,,,57.0,2.2,11.1
2021-07-12,173,48958,48942,63,42802,9,2161,1971699,6239,5588,3406,16,102,376,79,5690,506000,354000,32.0,0.9,10.8
2021-07-13,184,49142,49126,138,42940,11,2172,1982579,10880,5731,3423,17,92,404,61,5823,,,37.0,0.8,11.7
2021-07-14,198,49340,49324,97,43037,8,2180,1993540,10961,5691,3445,22,93,424,61,5784,,,46.0,0.9,10.7
2021-07-15,193,49533,49517,101,43138,10,2190,2003413,9873,5830,3480,35,87,438,75,5917,522656,385934,45.0,1.0,11.9
2021-07-16,196,49729,49713,106,43244,8,2198,2021784,18371,5801,3502,22,88,425,76,5889,526392,394817,54.0,0.9,11.5
2021-07-17,187,49916,49900,117,43361,7,2205,2034908,13124,5637,3522,20,90,424,73,5727,,,60.0,1.9,10.8
2021-07-18,179,50095,50079,51,43412,9,2214,2042676,7768,5706,3544,22,95,430,73,5801,,,60.0,2.5,11.3
2021-07-19,183,50278,50262,45,43457,6,2220,2048252,5576,5870,3567,23,90,431,66,5960,,,65.0,0.9,11.6
2021-07-20,190,50468,50452,108,43565,9,2229,2059188,10936,5808,3584,17,74,413,55,5882,,,60.0,0.8,10.6
2021-07-21,201,50669,50653,123,43688,11,2240,2071198,12010,5701,3608,24,78,410,51,5779,,,59.0,0.8,10.4
2021-07-22,195,50864,50848,137,43825,9,2249,2083487,12289,5587,3630,22,87,411,50,5674,544000,433900,66.0,0.8,9.9
2021-07-23,204,51068,51052,115,43940,9,2258,2094912,11425,5504,3662,32,75,401,54,5579,,,62.0,0.8,10.5
2021-07-24,213,51281,51265,114,44054,12,2270,2107590,12678,5372,3688,26,52,384,49,5424,,,60.0,1.8,10.2
2021-07-25,218,51499,51483,51,44105,8,2278,2114960,7370,5390,3717,29,53,388,55,5443,,,67.0,2.2,9.9
2021-07-26,209,51708,51692,44,44149,9,2287,2119523,4563,5579,3737,20,59,387,53,5638,551871,442300,67.0,0.9,9.2
2021-07-27,200,51908,51892,122,44271,10,2297,2130579,11056,5389,3761,24,58,385,54,5447,564470,461174,59.0,0.8,9.3
2021-07-28,205,52113,52097,117,44388,11,2308,2141745,11166,5248,3778,17,57,381,53,5305,,,69.0,0.8,8.3
2021-07-29,196,52309,52293,104,44492,10,2318,2153949,12204,5129,3793,15,50,384,51,5179,570000,475000,68.0,0.8,9.2
2021-07-30,202,52511,52495,111,44603,11,2329,2164773,10824,5059,3820,27,51,371,51,5110,,,66.0,0.8,8.5
2021-07-31,209,52720,52704,132,44735,11,2340,2177315,12542,4824,3837,17,51,358,48,4875,,,68.0,1.8,9.0
2021-08-01,199,52919,52903,36,44771,8,2348,2183921,6606,4864,3858,21,50,353,47,4914,,,79.0,2.2,8.6
2021-08-02,195,53114,53098,42,44813,10,2358,2188124,4203,4745,3878,20,60,350,46,4805,574000,482000,67.0,0.8,9.3
2021-08-03,201,53315,53299,142,44955,9,2367,2195724,7600,4428,3903,25,56,349,48,4484,581000,493000,68.0,0.8,8.2
2021-08-04,204,53519,53503,147,45102,12,2379,2205094,9370,4291,3923,20,46,338,48,4337,590850,502942,68.0,0.8,9.1
2021-08-05,197,53716,53700,153,45255,9,2388,2214072,8978,4179,3947,24,51,325,46,4230,,,68.0,0.8,8.7
2021-08-06,190,53906,53890,138,45393,11,2399,2224924,10852,4154,3971,24,54,318,42,4208,,,66.0,1.0,8.3
2021-08-07,194,54100,54084,131,45524,9,2408,2233206,8282,3965,3988,17,53,318,42,4018,,,75.0,1.9,8.4
2021-08-08,199,54299,54283,44,45568,9,2417,2239849,6643,3915,4012,24,52,293,31,3967,,,74.0,2.2,8.5
2021-08-09,196,54495,54479,39,45607,10,2427,2243139,3290,3983,4044,32,63,280,32,4046,,,72.0,0.8,8.6
2021-08-10,198,54693,54677,153,45760,12,2439,2249628,6489,3807,4073,29,63,276,31,3870,608522,,74.0,0.8,7.2
2021-08-11,191,54884,54868,139,45899,10,2449,2257312,7684,3504,4101,28,54,268,28,3558,619180,,77.0,0.9,8.1
2021-08-12,187,55071,55055,122,46021,11,2460,2264137,6825,3398,4128,27,61,259,26,3459,624627,539175,72.0,0.9,8.1
2021-08-13,193,55264,55248,127,46148,9,2469,2271927,7790,3281,4146,18,62,263,25,3343,,,77.0,0.9,8.3
2021-08-14,185,55449,55433,144,46292,13,2482,2277449,5522,2722,4175,29,57,201,19,2779,,,75.0,1.9,8.2
2021-08-15,181,55630,55614,40,46332,9,2491,2282972,5523,2728,4202,27,60,196,19,2788,,,80.0,2.1,8.1
2021-08-16,183,55813,55797,36,46368,10,2501,2285342,2370,2781,4225,23,60,197,18,2841,629650,,74.0,0.7,8.6
2021-08-17,190,56003,55987,117,46485,9,2510,2290878,5536,2725,4249,24,47,195,18,2772,640913,562617,71.0,0.7,8.2
2021-08-18,184,56187,56171,104,46589,12,2522,2297622,6744,2631,4271,22,39,190,19,2670,,,71.0,0.7,8.1
2021-08-19,187,56374,56358,112,46701,12,2534,2303884,6262,2560,4301,30,40,195,25,2600,649583,573068,68.0,0.7,8.9
2021-08-20,181,56555,56539,101,46802,9,2543,2310759,6875,2503,4317,16,39,194,23,2542,,,72.0,0.7,7.6
2021-08-21,185,56740,56724,122,46924,11,2554,2316744,5985,2399,4332,15,39,188,25,2438,,,58.0,1.8,8.7
2021-08-22,177,56917,56901,39,46963,10,2564,2320528,3784,2416,4354,22,45,181,25,2461,,,62.0,2.2,7.6
2021-08-23,175,57092,57076,43,47006,12,2576,2322802,2274,2452,4374,20,45,179,24,2497,659868,583983,70.0,0.8,8.2
2021-08-24,180,57272,57256,94,47100,9,2585,2328141,5339,2399,4388,14,42,171,20,2441,,,52.0,0.7,7.8
2021-08-25,183,57455,57439,105,47205,11,2596,2334691,6550,2363,4403,15,42,167,17,2405,663688,589240,70.0,0.7,7.2
2021-08-26,177,57632,57616,113,47318,11,2607,2341413,6722,2273,4420,17,38,168,17,2311,,,64.0,0.6,7.4
2021-08-27,174,57806,57790,119,47437,9,2616,2348400,6987,2237,4440,20,40,165,17,2277,674849,602987,65.0,0.7,7.0
2021-08-28,180,57986,57970,121,47558,11,2627,2354549,6149,2158,4455,15,40,158,17,2198,,,63.0,1.7,6.7
2021-08-29,173,58159,58143,38,47596,9,2636,2358182,3633,2154,4472,17,40,162,15,2194,,,54.0,2.2,6.9
2021-08-30,167,58326,58310,32,47628,8,2644,2360811,2629,2215,4495,23,37,164,19,2252,,,63.0,0.8,7.4
2021-08-31,175,58501,58485,106,47734,13,2657,2365903,5092,2131,4507,12,37,160,18,2168,683033,615009,62.0,0.7,7.7
2021-09-01,171,58672,58656,96,47830,10,2667,2372047,6144,2054,4518,11,37,168,13,2054,,,66.0,0.6,6.9
2021-09-02,166,58838,58822,110,47940,12,2679,2377527,5480,1975,4543,25,22,168,12,1975,,,70.0,0.5,7.7
2021-09-03,170,59008,58992,109,48049,9,2688,2383311,5784,1961,4569,26,23,167,14,1961,,,75.0,0.5,7.1
2021-09-04,173,59181,59165,113,48162,11,2699,2388261,4950,1869,4589,20,22,162,16,1869,,,71.0,1.6,7.5
2021-09-05,168,59349,59333,33,48195,9,2708,2391005,2744,1915,4603,14,23,160,16,1915,,,79.0,2.2,7.5
2021-09-06,165,59514,59498,37,48232,13,2721,2393480,2475,1965,4618,15,23,162,16,1965,,,74.0,0.5,7.0
2021-09-07,169,59683,59667,109,48341,10,2731,2398955,5475,1888,4645,27,27,157,14,1915,,,75.0,0.5,7.1
2021-09-08,160,59843,59827,115,48456,9,2740,2403410,4455,1868,4663,18,19,158,14,1887,,,71.0,0.5,7.6
2021-09-09,165,60008,59992,108,48564,12,2752,2409447,6037,1844,4683,20,23,148,12,1867,703913,649918,80.0,0.6,7.5
2021-09-10,170,60178,60162,124,48688,13,2765,2415800,6353,1758,4705,22,23,137,12,1781,,,72.0,0.6,7.0
2021-09-11,174,60352,60336,127,48815,9,2774,2421907,6107,1691,4730,25,37,140,13,1728,,,75.0,1.9,7.5
2021-09-12,171,60523,60507,31,48846,10,2784,2425778,3871,1722,4758,28,37,141,21,1759,,,85.0,2.5,7.2
2021-09-13,166,60689,60673,35,48881,12,2796,2427675,1897,1757,4782,24,40,147,21,1797,,,80.0,0.5,7.5
2021-09-14,168,60857,60841,102,48983,9,2805,2432365,4690,1743,4803,21,34,141,22,1777,,,74.0,0.5,6.5
2021-09-15,172,61029,61013,118,49101,10,2815,2438912,6547,1696,4830,27,34,135,15,1730,,,80.0,0.5,7.4
2021-09-16,169,61198,61182,113,49214,13,2828,2445786,6874,1628,4851,21,38,132,17,1666,717546,669352,80.0,0.6,8.2
2021-09-17,166,61364,61348,97,49311,11,2839,2452819,7033,1667,4873,22,36,135,19,1703,,,72.0,0.6,8.5
2021-09-18,170,61534,61518,102,49413,8,2847,2459671,6852,1692,4894,21,37,142,26,1729,,,80.0,1.9,8.1
2021-09-19,164,61698,61682,44,49457,12,2859,2463822,4151,1689,4928,34,38,146,28,1727,,,72.0,2.5,7.9
2021-09-20,160,61858,61842,38,49495,10,2869,2465375,1553,1730,,,35,145,18,1765,,,79.0,0.5,7.4
2021-09-21,165,62023,62007,104,49599,9,2878,2470476,5101,1758,4985,,35,149,22,1793,724000,680000,75.0,0.5,7.0
2021-09-22,168,62191,62175,112,49711,13,2891,2477099,6623,1700,5030,45,42,157,19,1742,729097,,68.0,0.5,8.4
2021-09-23,171,62362,62346,108,49819,11,2902,2484090,6991,1711,5074,44,38,160,21,1749,,,76.0,0.6,8.5
2021-09-24,173,62535,62519,112,49931,13,2915,2491725,7635,1739,5101,27,39,168,22,1778,,,74.0,0.6,8.2
2021-09-25,168,62703,62687,110,50041,12,2927,2498724,6999,1724,5125,24,39,170,26,1763,,,76.0,1.9,8.7
2021-09-26,164,62867,62851,35,50076,11,2938,2502609,3885,1760,5149,24,40,173,24,1800,,,69.0,2.5,7.8
2021-09-27,161,63028,63012,39,50115,13,2951,2504756,2147,1740,5178,29,40,169,24,1780,,,74.0,0.5,8.8
2021-09-28,166,63194,63178,103,50218,11,2962,2510012,5256,1844,5223,45,34,186,23,1878,,,78.0,0.5,7.9
2021-09-29,172,63366,63350,104,50322,13,2975,2516947,6935,1858,5272,49,30,196,25,1888,,,72.0,0.5,8.6
2021-09-30,176,63542,63526,115,50437,10,2985,2523753,6806,1822,5311,39,28,198,23,1850,,,75.0,0.6,8.5
2021-10-01,172,63714,63698,111,50548,12,2997,2530906,7153,1867,5355,44,35,205,26,1902,746000,701000,78.0,0.6,9.0
2021-10-02,167,63881,63865,141,50689,13,3010,2537921,7015,1917,5387,32,35,220,23,1952,,,66.0,1.9,8.5
2021-10-03,171,64052,64036,43,50732,11,3021,2541295,3374,1893,5432,45,35,220,23,1928,,,84.0,2.5,8.7
2021-10-04,165,64217,64201,37,50769,12,3033,2544669,3374,5473,,,,217,24,2020,,,67.0,0.5,7.9
2021-10-05,169,64386,64370,124,50893,11,3044,2549899,5230,5512,,,,230,26,2092,,,76.0,0.5,8.4
2021-10-06,182,64568,64552,131,51024,15,3059,2556527,6628,5546,,,,244,32,2128,,,75.0,0.5,8.7
2021-10-07,190,64758,64742,127,51151,14,3073,2563252,6725,2156,5585,,37,255,40,2193,757000,712000,71.0,0.6,9.1
2021-10-08,184,64942,64926,144,51295,12,3085,2571041,7789,2204,5635,50,42,268,45,2246,,,72.0,0.6,8.6
2021-10-09,177,65119,65103,136,51431,15,3100,2578994,7953,2158,5674,39,42,267,41,2200,,,64.0,1.9,8.9
2021-10-10,180,65299,65283,39,51470,12,3112,2583092,4098,2195,5698,24,42,266,41,2237,,,66.0,2.5,8.5
2021-10-11,174,65473,65457,32,51502,15,3127,2585455,2363,2313,5733,35,46,288,48,2359,,,68.0,0.5,8.9
2021-10-12,178,65651,65635,129,51631,13,3140,2591229,5774,2432,5770,37,51,292,38,2483,,,70.0,0.5,7.6
2021-10-13,191,65842,65826,131,51762,9,3149,2598850,7621,2474,5818,48,49,277,40,2523,,,77.0,0.5,8.7
2021-10-14,208,66050,66034,122,51884,13,3162,2605378,6528,2513,5866,48,53,280,42,2566,772000,724000,70.0,0.6,8.8
2021-10-15,256,66306,66290,142,52026,12,3174,2614454,9076,5931,,,,273,44,2578,,,70.0,0.6,9.0
2021-10-16,241,66547,66531,146,52172,11,3185,2622381,7927,5989,,,,268,43,2662,,,69.0,1.9,9.0
2021-10-17,250,66797,66781,39,52211,8,3193,2627832,5451,6047,,,,278,49,2698,,,72.0,2.5,8.5
2021-10-18,245,67042,67026,34,52245,16,3209,2630876,3044,6094,,,,290,51,6094,782234,730575,68.0,0.5,8.2
2021-10-19,257,67299,67283,122,52367,8,3217,2638065,7189,6152,,,,291,50,6152,,,65.0,0.5,7.4
2021-10-20,271,67570,67554,130,52497,15,3232,2646296,8231,6199,,,,304,54,6199,,,72.0,0.5,9.0
2021-10-21,291,67861,67845,126,52623,17,3249,2655364,9068,6255,,,,303,53,6255,822368,752554,70.0,0.6,8.9
2021-10-22,282,68143,68127,147,52770,16,3265,2666207,10843,6309,,,,312,48,6309,,,70.0,0.6,9.1
2021-10-23,294,68437,68421,152,52922,9,3274,2675902,9695,6376,,,,302,54,6376,,,73.0,1.9,8.6
2021-10-24,281,68718,68702,45,52967,13,3287,2681631,5729,6429,,,,310,48,6429,,,69.0,2.5,8.8
2021-10-25,267,68985,68969,39,53006,15,3302,2684315,2684,6480,,,,314,47,6480,,,73.0,0.5,9.0
2021-10-26,295,69280,69264,134,53140,11,3313,2692052,7737,6548,,,,305,57,6548,,,68.0,0.5,8.0
2021-10-27,319,69599,69583,172,53312,11,3324,2701820,9768,6605,,,,297,56,6605,,,71.0,0.5,8.3
2021-10-28,342,69941,69925,166,53478,15,3339,2710710,8890,6659,,,,279,40,6659,864300,,68.0,0.6,8.8
2021-10-29,337,70278,70262,169,53647,15,3354,2722305,11595,6715,,,,311,54,6715,,,65.0,0.6,8.6
2021-10-30,349,70627,70611,188,53835,12,3366,2732707,10402,6770,,,,313,56,6770,890000,790000,68.0,1.9,8.3
2021-10-31,340,70967,70951,49,53884,14,3380,2739986,7279,6814,,,,306,55,6814,,,63.0,2.5,8.8
2021-11-01,334,71301,71285,46,53930,15,3395,2743120,3134,6862,,,,327,59,6862,905797,799458,72.0,0.5,9.0
2021-11-02,345,71646,71630,159,54089,14,3409,2749857,6737,6930,,,,299,51,6930,,,70.0,0.5,8.0
2021-11-03,368,72014,71998,183,54272,12,3421,2759605,9748,6996,,,,332,51,6996,939916,816288,80.0,0.5,8.5
2021-11-04,392,72406,72390,187,54459,14,3435,2766342,6737,3884,,,33,313,55,3917,,,69.0,0.6,8.8
2021-11-05,381,72787,72771,54,54513,11,3446,2775240,8898,7136,,,48,341,48,7184,,,75.0,0.6,9.3
2021-11-06,390,73177,73161,98,54611,15,3461,2781674,6434,7207,,,,318,49,7207,,,80.0,1.9,11.3
2021-11-07,385,73562,73546,83,54694,13,3474,2787381,5707,7257,,,,322,47,7257,,,62.0,2.5,8.1
2021-11-08,400,73962,73946,79,54773,12,3486,2789706,2325,7329,,,,341,47,7329,970000,831035,73.0,0.5,8.7
2021-11-09,394,74356,74340,162,54935,14,3500,2799244,9538,3912,,,,325,52,3912,988412,842003,74.0,0.5,8.2
2021-11-10,405,74761,74745,179,55114,16,3516,2816267,17023,7472,,,,357,67,7472,849747,,83.0,0.5,8.4
2021-11-11,399,75160,75144,202,55316,12,3528,2826335,10068,7532,,,,310,67,7532,1012000,856000,79.0,0.6,8.6
2021-11-12,407,75567,75551,213,55529,11,3539,2838697,12362,7607,,,,325,65,7607,,,71.0,0.6,8.6
2021-11-13,402,75969,75953,209,55738,14,3553,2848816,10119,3843,7671,,,348,63,3843,,,84.0,1.9,9.4
2021-11-14,397,76366,76350,92,55830,13,3566,2856138,7322,3892,7721,50,50,364,59,3942,,,77.0,2.5,7.9
2021-11-15,402,76768,76752,89,55919,16,3582,2858926,2788,3973,,,,422,57,3973,,,72.0,0.5,6.9
2021-11-16,409,77177,77161,128,56047,13,3595,2867023,8097,4105,4105,,,350,62,4105,,,77.0,0.5,6.6
2021-11-17,395,77572,77556,93,56140,15,3610,2876049,9026,3986,3986,-119,,329,59,3986,,,75.0,0.5,6.4
2021-11-18,404,77976,77960,102,56242,14,3624,2887252,11203,4186,7963,3977,,336,60,4186,,,76.0,0.6,7.0
2021-11-19,400,78376,78360,107,56349,12,3636,2899855,12603,4197,8020,57,,344,61,4197,,,74.0,0.6,6.5
2021-11-20,392,78768,78752,139,56488,16,3652,2912108,12253,4023,8076,56,,381,62,4023,,,76.0,1.9,6.5
2021-11-21,399,79167,79151,58,56546,13,3665,2919738,7630,3942,8076,0,,370,63,3942,,,74.0,2.5,6.7
2021-11-22,391,79558,79542,61,56607,14,3679,2923141,3403,4145,8201,125,,363,56,4145,,,80.0,0.5,6.5
2021-11-23,400,79958,79942,111,56718,15,3694,2935123,11982,4146,8254,53,,349,50,4146,,,83.0,0.5,6.0
2021-11-24,394,80352,80336,98,56816,11,3705,2947786,12663,4140,8320,66,,360,54,4140,,,79.0,0.5,6.5
2021-11-25,403,80755,80739,107,56923,14,3719,2959073,11287,4128,,,,355,49,4128,,,72.0,0.6,6.9
2021-11-26,396,81151,81135,91,57014,17,3736,2974381,15308,4143,,,,357,43,4143,,,82.0,0.6,7.1
2021-11-27,391,81542,81526,113,57127,17,3753,2987270,12889,4247,8514,,,362,54,4247,,,80.0,1.9,6.7
2021-11-28,400,81942,81926,51,57178,14,3767,2996288,9018,4104,8562,48,,360,53,4104,,,85.0,2.5,6.3
2021-11-29,393,82335,82319,60,57238,13,3780,3000142,3854,4183,8632,70,,339,47,4183,,,78.0,0.5,7.6
2021-11-30,397,82732,82716,113,57351,17,3797,3010595,10453,4110,8706,74,,332,47,4110,,,80.0,0.5,6.9
2021-12-01,402,83134,83118,121,57472,17,3814,3022769,12174,4069,8769,63,,335,45,4069,,,77.0,0.5,7.2
2021-12-02,391,83525,83509,134,57606,16,3830,3034984,12215,4024,8853,84,,331,53,4024,,,80.0,0.6,7.3
2021-12-03,396,83921,83905,128,57734,15,3845,3050315,15331,3969,8946,93,,309,55,3969,,,83.0,0.6,7.8
2021-12-04,401,84322,84306,133,57867,14,3859,3064507,14192,3887,9027,81,,313,55,3887,,,77.0,1.9,6.8
2021-12-05,392,84714,84698,44,57911,16,3875,3073276,8769,3948,9098,71,,329,53,3948,,,82.0,2.5,7.0
2021-12-06,387,85101,85085,52,57963,18,3893,3079043,5767,4029,9149,51,,330,55,4029,,,82.0,0.5,8.0
2021-12-07,395,85496,85480,207,58170,14,3907,3090591,11548,4103,9208,59,48,342,50,4151,,,83.0,0.5,7.2
2021-12-08,399,85895,85879,224,58394,16,3923,3103668,13077,3990,9270,62,48,345,57,4038,,,83.0,0.5,7.5
2021-12-09,382,86277,86261,240,58634,14,3937,3116613,12945,3889,9327,57,,353,71,3889,,,85.0,0.6,7.4
2021-12-10,396,86673,86657,248,58882,11,3948,3132554,15941,3900,9400,73,55,353,60,3955,,,85.0,0.6,7.3
2021-12-11,389,87062,87046,255,59137,13,3961,3145660,13106,3709,9478,78,55,312,60,3764,,,84.0,1.9,8.0
2021-12-12,385,87447,87431,120,59257,14,3975,3152628,6968,3838,,,55,319,58,3893,,,81.0,2.5,7.7
2021-12-13,392,87839,87823,77,59334,12,3987,3159597,6969,3924,9625,,,316,54,3924,,,89.0,0.5,7.9
2021-12-14,398,88237,88221,227,59561,15,4002,3168510,8913,3895,9683,58,44,327,51,3939,,,81.0,0.5,6.6
2021-12-15,381,88618,88602,258,59819,14,4016,3179366,10856,3886,9776,93,,340,54,3886,,,86.0,0.5,6.8
2021-12-16,393,89011,88995,279,60098,12,4028,3190633,11267,3793,9842,66,,341,58,3793,,,84.0,0.6,7.3
2021-12-17,385,89396,89380,281,60379,14,4042,3203270,12637,3708,9914,72,,342,62,3708,,,77.0,0.6,7.6
2021-12-18,390,89786,89770,297,60676,16,4058,3214617,11347,3652,9995,81,,333,57,3652,,,73.0,1.9,7.5
2021-12-19,382,90168,90152,121,60797,13,4071,3221665,7048,3708,10059,64,,312,52,3708,,,81.0,2.5,8.1
2021-12-20,378,90546,90530,156,60953,11,4082,3225921,4256,3560,10124,65,,323,48,3560,,,82.0,0.5,8.0
2021-12-21,385,90931,90915,360,61313,15,4097,3231987,6066,3779,10199,75,,327,46,3779,,,76.0,0.5,7.2
2021-12-22,379,91310,91294,358,61671,13,4110,3244899,12912,3649,10264,65,,326,50,3649,,,84.0,0.5,6.8
2021-12-23,372,91682,91666,361,62032,16,4126,3255158,10259,3548,10336,72,,320,49,3548,,,77.0,0.6,7.7
2021-12-24,381,92063,92047,378,62410,14,4140,3266542,11384,3221,10409,73,,307,50,3221,,,78.0,0.6,7.2
2021-12-25,376,92439,92423,388,62798,11,4151,3275704,9162,3262,10486,77,,309,39,3262,,,80.0,1.9,8.1
2021-12-26,374,92808,92797,253,63051,15,4166,3282631,6927,3273,,,,308,47,3273,,,78.0,2.5,7.4
2021-12-27,374,93182,93171,242,63293,12,4178,3284743,2112,3386,10603,,,329,41,3386,,,80.0,0.5,8.0
2021-12-28,382,93564,93553,359,63652,13,4191,3290522,5779,3293,10672,69,,308,38,3293,,,76.0,0.5,6.8
2021-12-29,377,93941,93930,364,64016,16,4207,3300761,10239,3116,10728,56,,301,37,3116,,,82.0,0.5,7.8
2021-12-30,368,94309,94298,342,64358,11,4218,3310499,9738,2906,10793,65,,303,45,2906,,,76.0,0.6,8.1
2021-12-31,354,94663,94652,379,64358,12,4230,3316279,5780,2906,10793,0,,302,53,2906,,,95.0,0.6,8.3
2022-01-01,322,94985,94974,378,65117,14,4244,3322059,5780,2502,10884,91,,305,42,2502,,,,1.9,9.3
2022-01-02,300,95285,95274,334,65451,11,4255,3324855,2796,2513,10912,28,,298,39,2513,,,,2.5,8.7
2022-01-03,293,95578,95567,318,65769,14,4269,3326427,1572,2693,10958,46,,283,43,2693,,,100.0,0.5,7.0
2022-01-04,285,95863,95852,322,66091,12,4281,3330739,4312,,10988,30,,301,45,2562,,,100.0,0.5,7.5
2022-01-05,291,96154,96143,307,66398,15,4296,3335409,4670,,11018,30,,288,36,2670,,,81.0,0.5,8.8
2022-01-06,286,96440,96429,311,66709,11,4307,3340718,5309,,11049,31,,270,39,2660,,,80.0,0.6,10.6
2022-01-07,274,96714,96703,297,67006,10,4317,3345834,5116,,11089,40,,288,41,2704,,,77.0,0.6,11.0
2022-01-08,252,96966,96955,303,67309,15,4332,3351071,5237,,11131,42,,256,35,2698,,,89.0,1.9,11.8
2022-01-09,231,97197,97186,284,67593,13,4345,3359003,7932,,11161,30,,246,26,2720,,,90.0,2.5,12.2
2022-01-10,225,97422,97411,289,67882,11,4356,3366935,7932,,11177,16,,264,32,2711,,,83.0,0.5,14.1
2022-01-11,236,97658,97647,291,68173,13,4369,3374866,7931,,11185,8,,251,37,2759,,,85.0,0.5,13.0
2022-01-12,245,97903,97892,301,68474,15,4384,3382797,7931,,11206,21,,249,31,2638,,,86.0,0.5,14.8
2022-01-13,251,98154,98143,315,68789,12,4396,3392048,9251,,11239,33,,275,41,2554,,,83.0,0.6,14.0
2022-01-14,242,98396,98385,309,69098,15,4411,3401239,9191,,11271,32,,274,41,2504,,,86.0,0.6,14.9
2022-01-15,249,98645,98634,377,69475,13,4424,3409595,8356,,11296,25,,278,41,2410,,,84.0,1.9,14.8
2022-01-16,237,98882,98871,340,69815,12,4436,3415801,6206,,11314,18,,279,31,2429,,,82.0,2.5,14.2
2022-01-17,230,99112,99101,316,70131,16,4452,3418593,2792,,11334,20,,275,37,2483,,,84.0,0.5,16.3
2022-01-18,237,99349,99338,329,70460,12,4464,3423245,4652,,11362,28,,272,41,2452,,,86.0,0.5,16.1
2022-01-19,249,99598,99587,343,70803,15,4479,3432172,8927,,11379,17,,273,43,2396,,,88.0,0.5,15.9
2022-01-20,240,99838,99827,357,71160,13,4492,3440972,8800,,11398,19,,266,39,2363,,,86.0,0.6,15.9
2022-01-21,251,100089,100078,338,71498,11,4503,3449896,8924,,11428,30,,232,43,2348,,,87.0,0.6,15.9
2022-01-22,258,100347,100336,359,71857,14,4517,3464095,14199,,11460,32,,232,43,2205,,,80.0,1.9,15.9
2022-01-23,248,100595,100584,291,72148,12,4529,3471733,7638,,11490,30,,244,44,2274,,,85.0,2.5,15.9
2022-01-24,242,100837,100826,302,72450,11,4540,3476702,4969,,11525,35,,261,41,2295,,,85.0,0.5,15.9
2022-01-25,261,101098,101087,366,72816,13,4553,3486256,9554,,11553,28,,252,38,2226,,,84.0,0.5,15.9
2022-01-26,315,101413,101402,349,73165,15,4568,3502404,16148,,11612,59,,256,45,2346,,,85.0,0.5,15.9
2022-01-27,344,101757,101746,377,73542,12,4580,3517980,15576,,11657,45,,261,49,2407,,,79.0,0.6,15.9
2022-01-28,511,102268,102257,386,73928,13,4593,3534881,16901,,11716,59,,258,52,2477,,,77.0,0.6,15.9
2022-01-29,387,102655,102644,427,74355,13,4606,3552567,17686,,11811,95,,270,51,2451,,,81.0,1.9,15.9
2022-01-30,579,103234,103223,422,74777,11,4617,3568597,16030,,11932,121,,271,50,2576,,,80.0,2.5,15.9
2022-01-31,604,103838,103827,331,75108,14,4631,3576927,8330,,12048,116,,270,54,2645,,,82.0,0.5,15.9
2022-02-01,745,104583,104572,395,75503,12,4643,3588550,11623,,12205,157,,247,45,2737,,,87.0,0.5,15.9
2022-02-02,996,105579,105568,341,75844,16,4659,3610221,21671,,12433,228,,252,36,2794,,,87.0,0.5,15.9
2022-02-03,1347,106926,106915,368,76212,14,4673,3628788,18567,,12740,307,,253,34,2937,,,89.0,0.6,15.9
2022-02-04,1874,108800,108789,369,76581,11,4684,3655527,26739,,13093,353,,253,38,3044,,,83.0,0.6,15.9
2022-02-05,2142,110942,110931,422,77003,13,4697,3677498,21971,,13577,484,,254,39,3092,,,90.0,1.9,15.9
2022-02-06,2743,113685,113674,306,77309,15,4712,3698532,21034,,14095,518,,252,41,3239,,,83.0,2.5,16.0
2022-02-07,3129,116814,116803,311,77620,12,4724,3710645,12113,,14250,155,,258,33,3360,,,87.0,0.5,16.0
2022-02-08,3214,120028,120017,418,78038,15,4739,3733095,22450,,15059,809,,277,25,3419,,,80.0,0.5,16.0
2022-02-09,3978,124006,123995,424,78462,7,4746,3751784,18689,,15840,781,,279,45,3526,,,84.0,0.5,16.0
2022-02-10,4394,128400,128389,487,78949,9,4755,3772183,20399,,16697,857,,290,53,3496,,,81.0,0.6,16.0
2022-02-11,4871,133271,133260,491,79440,6,4761,3792076,19893,,17565,868,,288,41,3610,,,88.0,0.6,16.0
2022-02-12,5122,138393,138382,487,79927,11,4772,3808401,16325,,18289,724,,288,44,3496,,,88.0,1.9,16.0
2022-02-13,5349,143742,143731,476,80403,15,4787,3821233,12832,,19108,819,,304,43,3605,,,87.0,2.5,16.0
2022-02-14,5824,149566,149555,404,80807,13,4800,3828021,6788,,20053,945,,316,49,3808,,,85.0,0.5,16.0
2022-02-15,5763,155329,155318,469,81276,15,4815,3838529,10508,,20892,839,,327,45,3832,,,83.0,0.5,16.0
2022-02-16,5428,160757,160746,672,81948,10,4825,3850110,11581,,21582,690,,368,38,3865,,,84.0,0.5,16.0
2022-02-17,5043,165800,165789,704,82652,13,4838,3862804,12694,,22110,528,,322,48,3867,,,88.0,0.6,16.0
2022-02-18,5319,171119,171108,788,83440,15,4853,3875935,13131,,22907,797,,328,48,3817,,,85.0,0.6,16.0
2022-02-19,5483,176602,176591,804,84244,9,4862,3887663,11728,,23960,1053,,348,47,3698,,,89.0,1.9,16.0
2022-02-20,5205,181807,181796,422,84666,13,4875,3895738,8075,,24862,902,,323,39,3774,,,80.0,2.5,16.0
2022-02-21,5001,186808,186797,415,85081,10,4885,3899573,3835,,25882,1020,,307,42,3879,,,84.0,0.5,16.0
2022-02-22,5128,191936,191925,763,85844,16,4901,3909377,9804,,27103,1221,,317,34,3723,,,85.0,0.5,16.0
2022-02-23,4841,196777,196766,784,86628,14,4915,3921172,11795,,27187,84,,315,40,3828,,,88.0,0.5,16.0
2022-02-24,4529,201306,201295,917,87545,17,4932,3930713,9541,,28964,1777,,342,48,3819,,,90.0,0.6,16.0
2022-02-25,4796,206102,206091,5377,92922,13,4945,3940370,9657,,29591,627,,335,46,3717,,,88.0,0.6,16.0
2022-02-26,4432,210534,210523,5482,98404,15,4960,3948262,7892,,30157,566,,310,49,3561,,,88.0,1.9,16.0
2022-02-27,4208,214742,214731,3218,101622,13,4973,3954180,5918,,30732,575,,316,48,3592,,,84.0,2.5,16.0
2022-02-28,4047,218789,218778,3707,105329,16,4989,3960064,5884,,31232,500,,312,45,3617,,,87.0,0.5,16.0
2022-03-01,3591,222380,222369,6619,111948,16,5005,3968536,8472,,31720,488,,316,32,3617,,,90.0,0.5,16.0
2022-03-02,2912,225292,225281,8300,120248,13,5018,3978458,9922,,32112,392,90,305,39,3367,,,86.0,0.5,16.0
2022-03-03,2573,227865,227854,8794,129042,16,5034,3986458,8000,,32495,383,88,304,46,3247,,,91.0,0.6,16.0
2022-03-04,2416,230281,230270,9745,138787,12,5046,3996958,10500,,32848,353,91,299,48,3121,,,84.0,0.6,16.0
2022-03-05,2131,232412,232401,10572,149359,14,5060,4007368,10410,,33270,422,83,296,54,2961,,,88.0,1.9,16.0
2022-03-06,2008,234420,234409,10312,159671,11,5071,4011888,4520,,33623,353,80,297,58,2728,,,94.0,2.5,16.0
2022-03-07,1976,236396,236385,7009,166680,15,5086,4017213,5325,,33821,198,86,279,56,2697,,,88.0,0.5,16.0
2022-03-08,2057,238453,238442,8463,175143,13,5099,4019267,2054,,34236,415,91,270,48,2699,,,80.0,0.5,16.0
2022-03-09,1935,240388,240377,2784,177927,16,5115,4024422,5155,,34542,306,110,270,48,2766,,,89.0,0.5,16.0
2022-03-10,1302,241690,241679,12351,190278,12,5127,4031407,6985,,34753,211,65,267,41,2552,,,91.0,0.6,16.0
2022-03-11,1139,242829,242818,10113,200391,14,5141,4040064,8657,,34966,213,55,260,31,2300,,,82.0,0.6,16.0
2022-03-12,987,243816,243805,15469,215860,14,5155,4047734,7670,,35191,225,41,263,35,2083,,,93.0,1.9,16.0
2022-03-13,871,244687,244676,5429,221289,16,5171,4050335,2601,,35303,112,44,260,36,2060,,,90.0,2.5,16.0
2022-03-14,690,245377,245366,2112,223401,11,5182,4056051,5716,,35423,120,29,233,29,1997,,,83.0,0.5,16.0
2022-03-15,613,245990,245979,1081,224482,12,5194,4062621,6570,,35498,75,46,215,27,1974,,,80.0,0.5,16.0
2022-03-16,529,246519,246508,905,225387,14,5208,4070495,7874,,35498,0,45,212,33,1816,,,79.0,0.5,16.0
2022-03-17,458,246977,246966,346,225733,12,5220,4078117,7622,,35610,112,38,201,38,1711,,,95.0,0.6,16.0
2022-03-18,407,247384,247373,320,226053,10,5230,4087499,9382,,35710,100,43,200,27,1666,,,86.0,0.6,16.0
2022-03-19,383,247767,247756,344,226397,11,5241,4095031,7532,,35904,194,44,187,21,1489,,,93.0,1.9,16.0
2022-03-20,306,248073,248062,409,226806,12,5253,4097636,2605,,35961,57,41,189,20,1498,,,72.0,2.5,16.0
2022-03-21,294,248367,248356,388,227194,9,5262,4104010,6374,,36022,61,44,192,19,1513,,,98.0,0.5,16.0
2022-03-22,328,248695,248684,406,227600,11,5273,4111463,7453,,36066,44,43,190,23,1399,,,90.0,0.5,16.0
2022-03-23,302,248997,248986,360,227960,12,5285,4120344,8881,,36084,18,47,192,20,1283,,,89.0,0.5,16.0
2022-03-24,293,249290,249279,311,228271,12,5297,4127230,6886,,36100,16,43,182,23,1218,,,90.0,0.6,16.0
2022-03-25,287,249577,249566,335,228606,9,5306,4134218,6988,,36199,99,45,172,22,1167,,,89.0,0.6,16.0
2022-03-26,279,249856,249845,487,229093,10,5316,4136987,2769,,36134,-65,43,160,24,1086,,,92.0,1.9,16.0
2022-03-27,268,250124,250113,300,229393,9,5325,4138827,1840,,36150,16,42,159,21,1087,,,100.0,2.5,16.0
2022-03-28,265,250389,250378,319,229712,11,5336,4143775,4948,,36166,16,33,164,22,1045,,,92.0,0.5,16.0
2022-03-29,257,250646,250635,428,230140,13,5349,4148275,4500,,36225,59,30,157,20,1046,,,90.0,0.5,16.0
2022-03-30,251,250897,250886,504,230644,10,5359,4153795,5520,,36354,129,38,156,19,1046,,,83.0,0.5,16.0
2022-03-31,219,251116,251105,780,231424,14,5373,4157920,4125,,36383,29,40,158,20,1045,,,94.0,0.6,16.0
2022-04-01,288,251404,251393,766,232190,10,5383,4163311,5391,,36403,20,32,150,17,1015,,,90.0,0.6,16.0
2022-04-02,236,251640,251629,811,233001,11,5394,4165561,2250,,36433,30,18,153,20,974,,,90.0,1.9,16.0
2022-04-03,233,251873,251862,1312,234313,9,5403,4170348,4787,,36476,43,19,146,17,988,,,91.0,2.5,16.0
2022-04-04,223,252096,252085,1873,236186,12,5415,4185861,15513,,36583,107,15,148,22,985,,,88.0,0.5,16.0
2022-04-05,223,252319,252308,1873,238059,11,5426,4185861,0,,36583,0,15,148,22,985,,,95.0,0.5,16.0
2022-04-06,216,252535,252524,1621,239680,10,5436,4185861,0,,36612,29,11,136,20,911,,,93.0,0.5,16.0
2022-04-07,209,252733,252733,1693,241373,12,5448,4204371,18510,,36655,43,13,117,15,895,,,93.0,0.6,16.0
2022-04-08,214,252947,252947,1769,243142,9,5457,4213614,9243,,36698,43,11,109,21,864,,,93.0,0.6,16.0
2022-04-09,194,253141,253141,1591,244733,9,5466,4222479,8865,,36729,31,11,118,17,777,,,96.0,1.9,16.0
2022-04-10,191,253332,253332,213,244946,11,5477,4230345,7866,,36769,40,12,118,20,766,,,93.0,2.5,16.0
2022-04-11,186,253518,253518,228,245174,12,5489,4237205,6860,,36805,36,7,122,17,781,,,89.0,0.5,16.0
2022-04-12,190,253708,253708,293,245467,10,5499,4244946,7741,,36844,39,7,116,14,791,,,90.0,0.5,16.0
2022-04-13,179,253887,253887,339,245806,9,5508,4253811,8865,,36899,55,8,115,19,763,,,96.0,0.5,16.0
2022-04-14,170,254057,254057,307,246113,10,5518,4262618,8807,,36945,46,7,107,15,731,,,90.0,0.6,16.0
2022-04-15,165,254222,254222,244,246357,11,5529,4271625,9007,,36999,54,7,100,16,709,,,90.0,0.6,16.0
2022-04-16,163,254385,254385,297,246654,10,5539,4280156,8531,,37014,15,6,112,13,701,,,91.0,1.9,16.0
2022-04-17,157,254542,254542,288,246942,8,5547,4288138,7982,,37059,45,7,88,12,689,,,88.0,2.5,16.0
2022-04-18,152,254694,254694,280,247222,10,5557,4295066,6928,,37078,19,9,109,17,690,,,90.0,0.5,16.0
2022-04-19,154,254848,254848,366,247588,7,5564,4299966,4900,,37094,16,7,104,16,675,,,81.0,0.5,16.0
2022-04-20,149,254997,254997,372,247960,9,5573,4307025,7059,,37118,24,9,98,13,639,,,92.0,0.5,16.0
2022-04-21,141,255138,255138,191,248151,8,5581,4313916,6891,,37155,37,7,103,11,620,,,92.0,0.6,16.0
2022-04-22,133,255271,255271,155,248306,6,5587,4320956,7040,,37175,20,6,102,12,630,,,93.0,0.6,16.0
2022-04-23,125,255396,255396,142,248448,8,5595,4327233,6277,,37181,6,6,102,12,630,,,91.0,1.9,16.0
2022-04-24,119,255515,255515,126,248574,7,5602,4332983,5750,,37205,24,6,84,15,592,,,100.0,2.5,16.0
2022-04-25,114,255629,255629,108,248682,6,5608,4338277,5294,,37217,12,6,78,16,593,,,92.0,0.5,16.0
2022-04-26,115,255745,255744,95,248777,5,5613,4344151,5874,,37233,16,5,85,15,594,,,85.0,0.5,16.0
2022-04-27,116,255858,255860,115,248892,2,5615,4351003,6852,,37257,24,5,78,10,640,,,87.0,0.5,16.0
2022-04-28,117,255969,255977,114,249006,3,5618,4357872,6869,,37275,18,8,74,12,567,,,90.0,0.6,16.0
2022-04-29,118,256084,256095,117,249123,2,5620,4365619,7747,,37293,18,7,71,13,595,,,90.0,0.6,16.0
2022-04-30,110,256194,256205,112,249235,3,5623,4372945,7326,,38011,718,7,81,15,601,,,84.0,1.9,16.0
2022-05-01,106,256300,256311,97,249332,2,5625,4379495,6550,,38029,18,7,70,12,599,,,92.0,2.5,16.0
2022-05-02,103,256403,256414,104,249436,2,5627,4384373,4878,,38056,27,7,71,13,599,,,100.0,0.5,16.0
2022-05-03,107,256510,256521,108,249544,2,5629,4389395,5022,,38056,0,7,63,16,594,,,85.0,0.5,16.0
2022-05-04,100,256610,256621,94,249638,2,5631,4394157,4762,,,,,65,16,621,,,87.0,0.5,16.0
2022-05-05,100,256710,256621,71,249709,0,5631,4400415,6258,,,,,64,16,610,,,90.0,0.6,16.0
2022-05-06,85,256795,256806,102,249811,4,5635,4406674,6259,,38113,,9,63,17,605,,,90.0,0.6,16.0
2022-05-07,84,256879,256890,109,249920,2,5637,4413202,6528,,38118,5,9,73,15,552,,,84.0,1.9,16.0
2022-05-08,81,256960,256971,98,250018,2,5639,4419011,5809,,38139,21,9,68,15,549,,,92.0,2.5,16.0
2022-05-09,82,257042,257053,92,250110,1,5640,,,,,,,,,,,,,0.5,16.0
2022-05-10,82,257124,257135,84,250194,1,5641,,,,,,,,,,,,,0.5,16.0
2022-05-11,82,257206,257217,88,250282,1,5642,,,,,,,,,,,,,0.5,16.0
2022-05-12,81,257287,257298,83,250365,1,5643,4439045,,,38207,,4,79,15,585,,,,0.6,16.0
2022-05-13,81,257368,257379,117,250482,1,5644,4445633,6588,,38229,22,5,67,19,589,,,,0.6,16.0
2022-05-14,77,257445,257456,145,250627,1,5645,4452018,6385,,38341,112,5,70,18,588,,,,1.9,16.0
2022-05-15,78,257519,257534,81,250708,1,5646,4457208,5190,,38259,-82,6,70,17,590,,,,2.5,16.0
2022-05-16,79,257594,257613,77,250785,1,5647,4461272,4064,,38269,10,6,71,17,579,,,,0.5,16.0
2022-05-17,80,257673,257693,91,250876,1,5648,4466681,5409,,38276,7,6,70,16,603,,,,0.5,16.0
2022-05-18,81,257745,257774,85,250961,1,5649,4472795,6114,,38289,13,6,75,16,635,,,,0.5,16.0
2022-05-19,82,257813,257856,93,251054,1,5650,4479048,6253,,38300,11,5,72,14,644,,,,0.6,16.0
2022-05-20,83,257883,257939,84,251138,1,5651,4485021,5973,,38315,15,2,67,10,640,,,,0.6,16.0
2022-05-21,84,257950,258023,79,251217,1,5652,4491082,6061,,38322,7,2,70,8,649,,,,1.9,16.0
2022-05-22,65,258015,258088,81,251298,1,5653,4495224,4142,,,,,,,,,,,2.5,16.0
2022-05-23,60,258075,258148,81,251379,1,5654,4500476,5252,,38348,,3,76,10,685,,,,0.5,16.0
2022-05-24,63,258138,258211,34,251413,2,5656,4505891,5415,,38354,6,3,75,6,692,,,,0.5,16.0
2022-05-25,59,258197,258270,60,251473,1,5657,4511698,5807,,38362,8,4,78,7,721,,,,0.5,16.0
2022-05-26,62,258259,258332,63,251536,1,5658,4517197,5499,,38370,8,4,79,10,722,,,,0.6,16.0
2022-05-27,60,258319,258392,67,251603,1,5659,4522705,5508,,38383,13,4,79,7,701,,,,0.6,16.0
2022-05-28,57,258376,258449,70,251673,1,5660,4527960,5255,,38392,9,4,76,8,686,,,,1.9,16.0
2022-05-29,55,258431,258504,72,251745,1,5661,4532681,4721,,38401,9,3,82,11,709,,,,2.5,16.0
2022-05-30,52,258483,258556,63,251808,1,5662,4535705,3024,,38403,2,5,87,12,671,,,,0.5,16.0
2022-05-31,56,258539,258612,68,251876,3,5665,4542235,6530,,38413,10,5,94,15,676,,,,0.5,16.0
2022-06-01,58,258597,258670,74,251950,4,5669,4548093,5858,,38421,8,,97,14,655,,,,0.5,16.0
2022-06-02,55,258652,258725,68,252018,1,5670,4553835,5742,,38429,8,,93,12,649,,,,0.6,16.0
2022-06-03,57,258709,258782,75,252093,0,5670,4559459,5624,,38445,16,,91,17,688,,,,0.6,16.0
2022-06-04,54,258763,258836,63,252156,1,5671,4564817,5358,703,38449,4,,89,19,,,,,1.9,16.0
2022-06-05,52,258815,258888,59,252215,2,5673,4569474,4657,674,38450,1,2,90,17,674,,,,2.5,16.0
2022-06-06,50,258855,258938,61,252276,1,5674,4573447,3973,,38458,8,,87,17,637,,,,0.5,16.0
2022-06-07,63,258918,259001,64,252340,2,5676,4578319,4872,655,38466,8,2,88,16,657,,,,0.5,16.0
2022-06-08,56,258974,259057,91,252431,0,5676,4583257,4938,,,,,,,,,,,0.5,16.0
2022-06-09,58,259032,259115,94,252525,0,5676,4588244,4987,,,,,,,,,,,0.6,16.0
2022-06-10,55,259087,259170,87,252612,1,5677,4593088,4844,,,,,,,,,,,0.6,16.0
2022-06-11,57,259144,259227,91,252703,0,5677,4597595,4507,,,,,,,,,,,1.9,16.0
2022-06-12,54,259198,259281,79,252782,1,5678,4601707,4112,,,,,,,,,,,2.5,16.0
2022-06-13,51,259249,259332,77,252859,0,5678,4605381,3674,622,38531,,1,77,9,623,,,,0.5,16.0
2022-06-14,54,259303,259386,58,252917,1,5679,4608826,3445,606,38540,9,2,74,16,608,,,,0.5,16.0
2022-06-15,55,259358,259441,21,252938,0,5679,4613465,4639,649,38554,14,3,76,15,652,,,,0.5,16.0
2022-06-16,58,259416,259499,36,252974,1,5680,4618317,4852,640,38565,11,3,60,14,643,,,,0.6,16.0
2022-06-17,56,259472,259555,29,253003,0,5680,4623004,4687,,,,,,11,,,,,0.6,16.0
2022-06-18,59,259531,259614,65,253068,0,5680,4627351,4347,616,38586,,3,53,10,619,,,,1.9,16.0
2022-06-19,53,259584,259667,48,253116,1,5681,4631227,3876,610,38605,19,3,54,9,613,,,,2.5,16.0
2022-06-20,50,259634,259717,54,253170,0,5681,4634637,3410,635,38626,21,4,56,10,639,,,,0.5,16.0
2022-06-21,53,259687,259770,51,253221,0,5681,4640341,5704,632,38636,10,4,64,10,636,,,,0.5,16.0
2022-06-22,56,259743,259826,19,253240,0,5681,4647027,6686,,,,,,,,,,,0.5,16.0
2022-06-23,58,259801,259884,52,253292,1,5682,4653713,6686,593,38660,,3,56,9,596,,,,0.6,16.0
2022-06-24,52,259853,259936,58,253350,1,5683,4658992,5279,538,38678,18,4,55,7,542,,,,0.6,16.0
2022-06-25,50,259903,259986,56,253406,0,5683,4664844,5852,,,,,,,,,,,1.9,16.0
2022-06-26,52,259955,260038,61,253467,0,5683,4670696,5852,507,38696,,4,42,8,511,,,,2.5,16.0
2022-06-27,49,260004,260087,57,253524,1,5684,4676019,5323,486,38704,8,6,40,6,492,,,,0.5,16.0
2022-06-28,54,260058,260141,63,253587,0,5684,4681965,5946,467,38712,8,,41,9,467,,,,0.5,16.0
2022-06-29,52,260110,260193,60,253647,1,5685,4688046,6081,,,,,,,,,,,0.5,16.0
2022-06-30,52,260162,260245,60,253707,1,5686,4694127,6081,,,,,,,,,,,0.6,16.0
2022-07-01,50,260212,260295,57,253764,0,5686,4700208,6081,405,38736,,4,33,4,,,,,0.6,16.0
2022-07-02,52,260264,260347,59,253823,0,5686,4706133,5925,396,38747,11,4,32,3,,,,,1.9,16.0
2022-07-03,49,260313,260396,53,253876,1,5687,4711897,5764,387,38759,12,3,29,3,390,,,,2.5,16.0
2022-07-04,47,260360,260443,56,253932,0,5687,4717237,5340,,,,,,,,,,,0.5,16.0
2022-07-05,52,260412,260495,64,253996,1,5688,4722578,5341,379,38790,,6,29,5,,,,,0.5,16.0
2022-07-06,48,260460,260543,57,254053,0,5688,4728528,5950,,,,,,,,,,,0.5,16.0
2022-07-07,50,260510,260593,66,254119,1,5689,4734479,5951,370,38805,,2,25,4,,,,,0.6,16.0
2022-07-08,48,260558,260593,0,254119,0,5689,4740357,5878,,,,,,,,,,,0.6,16.0
2022-07-09,48,260606,260689,19,254138,1,5690,4746236,5879,340,38818,,4,25,5,344,,,,1.9,16.0
2022-07-10,44,260650,260733,11,254149,0,5690,4755459,9223,,,,,,,,,,,2.5,16.0
2022-07-11,44,260694,260777,11,254160,1,5691,4759919,4460,,,,,,,,,,,0.5,16.0
2022-07-12,46,260740,260823,12,254172,0,5691,4762149,2230,322,38851,,4,22,5,326,,,,0.5,16.0
2022-07-13,49,260789,260872,10,254182,1,5692,4768091,5942,314,38864,13,5,22,3,319,,,,0.5,16.0
2022-07-14,44,260833,260916,11,254193,0,5692,4774106,6015,,,,,,,,,,,0.6,16.0
2022-07-15,43,260876,260959,11,254204,0,5692,4780121,6015,,,,,,,,,,,0.6,16.0
2022-07-16,51,260927,261010,2,254206,1,5693,4786136,6015,279,38905,,7,19,5,286,,,,1.9,16.0
2022-07-17,46,260973,261056,3,254209,1,5694,4791623,5487,,,,,,,,,,,2.5,16.0
2022-07-18,46,261019,261102,4,254213,1,5695,4797110,5487,,,,,,,,,,,0.5,16.0
2022-07-19,57,261076,261149,13,254226,0,5695,4802598,5488,279,38939,,10,15,2,289,,,,0.5,16.0
2022-07-20,53,261129,261202,13,254239,0,5695,4808962,6364,280,38955,16,7,11,5,287,,,,0.5,16.0
2022-07-21,56,261185,261258,10,254249,0,5695,4814681,5719,259,38969,14,10,13,5,269,,,,0.6,16.0
2022-07-22,54,261239,261312,18,254267,1,5696,4821062,6381,261,38990,21,14,15,4,275,,,,0.6,16.0
2022-07-23,55,261294,261367,14,254281,0,5696,4826948,5886,258,38996,6,12,15,4,270,,,,1.9,16.0
2022-07-24,52,261346,261419,60,254341,0,5696,4832369,5421,262,39006,10,12,15,3,274,,,,2.5,16.0
2022-07-25,50,261396,261469,64,254405,0,5696,4837842,5473,261,39012,6,17,15,,278,,,,0.5,16.0
2022-07-26,53,261449,261522,58,254463,1,5697,4843913,6071,266,39023,11,12,15,4,278,,,,0.5,16.0
2022-07-27,59,261508,261581,5,254468,0,5697,4850554,6641,259,39033,10,13,13,3,272,,,,0.5,16.0
2022-07-28,61,261569,261642,5,254473,0,5697,4857075,6521,,,,,,,,,,,0.6,16.0
2022-07-29,64,261633,261706,4,254477,0,5697,4863511,6436,261,39059,,13,12,3,274,,,,0.6,16.0
2022-07-30,66,261699,261772,3,254480,0,5697,4867182,3671,261,39064,5,13,13,3,274,,,,1.9,16.0
2022-07-31,69,261768,261841,3,254483,1,5698,4875180,7998,257,39073,9,13,15,2,270,,,,2.5,16.0
2022-08-01,71,261839,261912,7,254490,0,5698,4881041,5861,261,39084,11,18,15,2,279,,,,0.5,16.0
2022-08-02,80,,261992,12,254502,0,5698,4887450,6409,,,,,,,,,,,0.5,16.0
2022-08-03,91,262010,262083,24,254526,0,5698,4893984,6534,273,39100,,28,16,4,301,,,,0.5,16.0
2022-08-04,105,262115,262188,151,254677,0,5698,4901202,7218,255,39111,11,33,17,,288,,,,0.6,16.0
2022-08-05,122,262237,262310,204,254881,1,5699,4908269,7067,256,39122,11,34,15,5,290,,,,0.6,16.0
2022-08-06,133,262370,262443,227,255108,0,5699,4914215,5946,260,39139,17,34,15,5,294,,,,1.9,16.0
2022-08-07,140,262510,262583,32,255140,0,5699,4919790,5575,248,39153,14,34,11,6,282,,,,2.5,16.0
2022-08-08,135,262645,262718,21,255161,0,5699,4926066,6276,262,39175,22,47,16,4,309,,,,0.5,16.0
2022-08-09,144,262789,262862,113,255274,0,5699,4932723,6657,268,39198,23,44,20,3,312,,,,0.5,16.0
2022-08-10,169,262958,263031,338,255612,1,5700,4940751,8028,280,39221,23,51,20,4,331,,,,0.5,16.0
2022-08-11,174,263132,263205,107,255719,0,5700,4947967,7216,274,39261,40,59,19,4,333,,,,0.6,16.0
2022-08-12,181,263313,263386,161,255880,0,5700,4955346,7379,303,39288,27,57,17,1,360,,,,0.6,16.0
2022-08-13,176,263489,263562,149,256029,1,5701,4962007,6661,356,39299,11,57,18,3,413,,,,1.9,16.0
2022-08-14,180,263669,263742,10,256039,0,5701,4963294,1287,379,39329,30,57,18,3,436,,,,2.5,16.0
2022-08-16,367,264036,264109,56,256095,0,5701,4969557,6263,466,39376,47,65,32,8,531,,,,0.5,16.0
2022-08-17,249,264285,264358,266,256361,1,5702,4984328,14771,508,39411,35,59,33,7,567,,,,0.5,16.0
2022-08-18,281,264566,264639,304,256665,0,5702,4991206,6878,494,39441,30,59,32,7,553,,,,0.5,16.0
2022-08-19,307,264873,264946,164,256829,0,5702,5003000,11794,497,39481,40,59,30,6,556,,,,0.6,16.0
2022-08-20,342,265215,265288,188,257017,0,5702,5014422,11422,487,39522,41,57,30,7,544,,,,0.6,16.0
2022-08-21,390,265605,265678,93,257110,0,5702,5025460,11038,481,39567,45,57,30,8,538,,,,1.9,16.0
2022-08-22,408,266013,266086,97,257207,0,5702,5036212,10752,494,39597,30,63,27,5,557,,,,2.5,16.0
2022-08-23,439,266452,266525,215,257422,1,5703,5047527,11315,506,39641,44,63,34,4,569,,,,0.5,16.0
2022-08-24,465,266917,267000,288,257710,0,5703,5060346,12819,517,39702,61,73,43,4,590,,,,0.5,16.0
2022-08-25,480,,267480,224,257934,0,5703,5073371,13025,,,,,,,,,,,0.5,16.0
2022-08-26,420,267917,267900,224,258158,0,5703,5086395,13024,499,39819,,84,39,11,583,,,,0.6,16.0
2022-08-27,537,268454,268437,231,258389,0,5703,5099479,13084,493,39871,52,85,34,12,578,,,,0.6,16.0
2022-08-28,526,268980,268963,155,258544,0,5703,5111026,11547,516,39924,53,87,36,11,603,,,,1.9,16.0
2022-08-29,533,269513,269496,78,258622,1,5704,5122223,11197,538,39993,69,73,37,11,611,,,,2.5,16.0
2022-08-30,558,270071,270054,162,258784,0,5704,5133956,11733,550,40061,68,63,33,9,613,,,,0.5,16.0
2022-08-31,594,270665,270648,174,258958,0,5704,5147486,13530,545,40174,113,64,33,9,609,,,,0.5,16.0
2022-09-01,671,271336,271319,169,259127,0,5704,5160378,12892,538,40298,124,63,35,8,601,,,,0.5,16.0
2022-09-02,699,272035,272018,162,259289,1,5705,5174185,13807,547,40413,115,56,36,9,603,,,,0.6,16.0
2022-09-03,725,272760,272743,155,259444,0,5705,5186833,12648,546,40590,177,56,35,7,602,,,,0.6,16.0
2022-09-04,733,273493,273476,149,259593,0,5705,5198024,11191,547,40668,78,55,35,7,602,,,,1.9,16.0
2022-09-05,719,274212,274195,131,259724,1,5706,5208996,10972,611,40772,104,75,44,9,686,,,,2.5,16.0
2022-09-07,731,274943,274926,124,259848,0,5706,5220794,11798,650,40895,123,61,49,10,711,,,,0.5,16.0
2022-09-08,1631,276574,276557,342,260190,1,5707,5244748,23954,628,41150,255,46,43,10,674,,,,0.5,16.0
2022-09-09,901,277475,277458,297,260487,2,5709,5257602,12854,612,41324,174,46,38,7,658,,,,0.5,16.0
2022-09-10,926,278401,278384,238,260725,0,5709,5268966,11364,586,41459,135,51,41,9,637,,,,0.6,16.0
2022-09-11,931,279332,279315,388,261113,0,5709,5279993,11027,603,41601,142,51,40,7,654,,,,0.6,16.0
2022-09-12,924,280256,280239,523,261636,0,5709,5290731,10738,607,41780,179,56,38,8,663,,,,1.9,16.0
2022-09-13,940,281196,281179,,,1,5710,,,,,,,,,,,,,2.5,16.0
2022-09-14,961,282157,282140,,,0,5710,,,,,,,,,,,,,0.5,16.0
2022-09-15,942,283099,283082,,,0,5710,,,,,,,,,,,,,0.5,16.0
2022-09-16,974,284073,284056,,264745,1,5711,5340134,,538,42597,817,47,22,4,585,,,,0.5,16.0
2022-09-17,922,284995,284978,1122,265867,0,5711,5351508,11374,526,42776,179,46,24,2,572,,,,0.6,16.0
2022-09-18,896,285891,285874,1046,266913,0,5711,5362397,10889,535,42899,123,46,24,4,581,,,,0.6,16.0
2022-09-19,885,286776,286759,1013,267926,1,5712,5373062,10665,531,43030,131,54,21,4,585,,,,1.9,16.0
2022-09-20,920,287696,287679,,,1,5713,,,,,,,,,,,,,2.5,16.0
2022-09-21,879,288575,288558,,270326,0,5713,5396772,,534,43307,277,45,20,2,579,,,,0.5,16.0
2022-09-22,847,289422,289405,1319,271645,0,5713,5408304,11532,534,43410,103,45,20,2,579,,,,0.5,16.0
2022-09-23,759,290181,290164,1282,272927,1,5714,5420505,12201,542,43537,127,46,19,2,588,,,,0.5,16.0
2022-09-24,731,290912,290895,1204,274131,0,5714,5431561,11056,520,43649,112,46,20,5,566,,,,0.6,16.0
2022-09-25,720,291632,291615,,,1,5715,,,,,,,,,,,,,0.6,16.0
2022-09-26,667,292299,292282,,276299,0,5715,5454254,,514,43899,250,43,19,4,557,,,,1.9,16.0
2022-09-29,1976,294275,294258,3928,280227,1,5716,5485694,31440,515,44130,231,31,19,3,546,,,,2.5,16.0
2022-09-30,597,294872,294855,1318,281545,1,5717,5496980,11286,479,44184,54,31,15,4,510,,,,0.5,16.0
2022-10-01,569,295441,295424,1245,282790,0,5717,5506622,9642,457,44243,59,30,13,4,487,,,,0.5,16.0
2022-10-02,543,295984,295967,1053,283843,0,5717,5515951,9329,449,44288,45,30,14,4,479,,,,0.5,16.0
2022-10-03,531,296515,296498,1020,284863,1,5718,5525259,9308,463,44347,59,27,14,3,490,,,,0.6,16.0
2022-10-04,481,296996,296979,1157,286020,0,5718,5535033,9774,467,44399,52,27,17,2,494,,,,0.6,16.0
2022-10-06,881,297877,297860,2266,288286,1,5719,5553966,18933,433,44489,90,18,13,1,451,,,,1.9,16.0
2022-10-07,379,298256,298239,1121,289407,1,5720,5563511,9545,427,44519,30,24,8,1,451,,,,2.5,16.0
2022-10-08,439,298695,298678,1194,290601,0,5720,5572406,8895,423,44566,47,24,9,1,447,,,,0.5,16.0
2022-10-09,361,299056,299039,1033,291634,0,5720,5580576,8170,431,44623,57,22,12,2,453,,,,0.5,16.0
2022-10-10,320,299376,299359,,,0,5720,,,,,,,,,,,,,0.5,16.0
2022-10-11,350,299726,299709,,,1,5721,,,,,,,,,,,,,0.6,16.0
2022-10-12,348,300074,300057,,,0,5721,,,,,,,,,,,,,0.6,16.0
2022-10-13,348,300422,300405,,293986,1,5722,5615774,,361,44823,200,16,11,1,377,,,,1.9,16.0
2022-10-14,263,300685,300668,,,1,5723,5625161,9387,361,44852,29,16,11,1,377,,,,2.5,16.0
2022-10-15,225,300910,300893,,,0,5723,,,,,,,,,,,,,0.5,16.0
2022-10-16,215,301125,301108,,,1,5724,,,,,,,,,,,,,0.5,16.0
2022-10-17,220,301345,301328,,294746,0,5724,5650281,,341,44923,71,12,15,0,353,,,,0.5,16.0
2022-10-18,268,301613,301596,127,294873,0,5724,5659100,8819,346,44948,25,12,14,1,358,,,,0.6,16.0
2022-10-19,231,301844,301827,183,295056,1,5725,5667911,8811,329,44984,36,7,12,1,336,,,,0.6,16.0
2022-10-20,219,302063,302046,204,295260,0,5725,5676495,8584,320,45020,36,8,10,1,328,,,,1.9,16.0
2022-10-21,213,302276,302259,,,0,5725,,,,,,,,,,,,,2.5,16.0
2022-10-22,198,302474,302457,,295631,1,5726,5693531,,315,45073,53,8,11,,323,,,,0.5,16.0
2022-10-23,205,302679,302662,,,0,5726,,,,,,,,,,,,,0.5,16.0
2022-10-24,196,302875,302858,,,1,5727,,,,,,,,,,,,,0.5,16.0
2022-10-25,209,303084,303067,,296020,0,5727,5717483,,297,45136,63,8,10,1,305,,,,0.6,16.0
2022-10-26,190,303274,303257,86,296106,0,5727,5725825,8342,295,45168,32,8,10,1,303,,,,0.6,16.0
2022-10-27,170,303444,303427,,,0,5727,,,,,,,,,,,,,1.9,16.0
2022-10-28,164,303608,303591,,,0,5727,,,,,,,,,,,,,2.5,16.0
2022-10-29,155,303763,303746,500,296606,1,5728,5751030,,290,45215,47,5,12,3,295,,,,0.5,16.0
2022-10-30,158,303921,303904,,,0,5728,,,,,,,,,,,,,0.5,16.0
2022-10-31,115,304036,304019,382,296988,2,5730,5766771,,289,45245,30,6,13,0,295,,,,0.5,16.0
2022-11-01,144,304180,304163,162,297150,0,5730,5774983,8212,288,45255,10,5,13,0,293,,,,0.6,16.0
2022-11-02,131,304311,304294,,,0,5730,,,,,,,,,,,,,0.6,16.0
2022-11-03,125,304436,304419,312,297462,0,5730,5791470,,284,45278,23,9,11,2,293,,,,1.9,16.0
